

/********************************
Instructors 
*********************************/
INSERT INTO person (person_id,person_number,first_name,last_name,email,street,zip,city) VALUES (1,'191823082573','Austin','Hood','lobortis.mauris@hotmail.org','2447 Odio Av.','52603','Norrköping');
INSERT INTO person (person_id,person_number,first_name,last_name,email,street,zip,city) VALUES (2,'198527474928','Wendy','Russo','vel@google.org','6744 In, Street','33731','Falun');  
INSERT INTO person (person_id,person_number,first_name,last_name,email,street,zip,city) VALUES (3,'194273534316','Warren','Aguilar','sed.neque.sed@hotmail.net','192-5288 Pellentesque Av.','34193','Täby');
INSERT INTO person (person_id,person_number,first_name,last_name,email,street,zip,city) VALUES (4,'194276665036','Gil','Rodriquez','libero.donec@icloud.edu','110-6686 Imperdiet Street','17176','Tumba');
INSERT INTO person (person_id,person_number,first_name,last_name,email,street,zip,city) VALUES (5,'197235891684','Mara','Beard','auctor.non@aol.ca','P.O. Box 800, 9510 Amet, Ave','24167','Lidköping');
INSERT INTO person (person_id,person_number,first_name,last_name,email,street,zip,city) VALUES (6,'196596296560','Jesse','Garner','eu.odio@yahoo.org','9827 Per St.','91871','Motala');
INSERT INTO person (person_id,person_number,first_name,last_name,email,street,zip,city) VALUES (7,'193813760041','Pamela','Sears','egestas.a.scelerisque@hotmail.edu','P.O. Box 128, 1934 Condimentum. Ave','09756','Värnamo');
INSERT INTO person (person_id,person_number,first_name,last_name,email,street,zip,city) VALUES (8,'199746061581','Meghan','Wilkinson','sapien.molestie@protonmail.com','245-2867 Penatibus Rd.','42129','Jönköping');

INSERT INTO instructor (instructor_id, emplyment_id, person_id) VALUES(1, '1001', 1);
INSERT INTO instructor (instructor_id, emplyment_id, person_id) VALUES(2, '1002', 2);
INSERT INTO instructor (instructor_id, emplyment_id, person_id) VALUES(3, '1003', 4);
INSERT INTO instructor (instructor_id, emplyment_id, person_id) VALUES(4, '1004', 5);
INSERT INTO instructor (instructor_id, emplyment_id, person_id) VALUES(5, '1005', 7);
INSERT INTO instructor (instructor_id, emplyment_id, person_id) VALUES(6, '1006', 8);
INSERT INTO instructor (instructor_id, emplyment_id, person_id) VALUES(7, '1007', 3);
INSERT INTO instructor (instructor_id, emplyment_id, person_id) VALUES(8, '1008', 6);

insert into phone (phone_id, phone_no) values (1, '603-250-5272');
INSERT INTO person_phone (person_id, phone_id) VALUES(1, 1);
insert into phone (phone_id, phone_no) values (2, '498-156-5784');
INSERT INTO person_phone (person_id, phone_id) VALUES(2, 2);
insert into phone (phone_id, phone_no) values (3, '953-164-5369');
INSERT INTO person_phone (person_id, phone_id) VALUES(3, 3);
insert into phone (phone_id, phone_no) values (4, '333-233-7734');
INSERT INTO person_phone (person_id, phone_id) VALUES(4, 4);
insert into phone (phone_id, phone_no) values (5, '963-184-2368');
INSERT INTO person_phone (person_id, phone_id) VALUES(5, 5);
insert into phone (phone_id, phone_no) values (6, '310-440-2569');
INSERT INTO person_phone (person_id, phone_id) VALUES(6, 6);
insert into phone (phone_id, phone_no) values (7, '481-997-2898');
INSERT INTO person_phone (person_id, phone_id) VALUES(7, 7);
insert into phone (phone_id, phone_no) values (8, '927-503-4844');
INSERT INTO person_phone (person_id, phone_id) VALUES(8, 8);

--genres classic, rock, metal, jazz, country
insert into genre (genre_id, genre) values(1,'classic');
insert into genre values(2,'rock');
insert into genre values(3,'metal');
insert into genre values(4,'jazz');
insert into genre values(5,'country');

/*****************
skill level
*****************/
insert into skill_level (skill_level_id, skill) values(1,'beginner');
insert into skill_level (skill_level_id, skill) values(2,'intermediate');
insert into skill_level (skill_level_id, skill) values(3,'advanced');

/*****************
instruments
*****************/
insert into instruments (instrument_id, instrument_type) values(1, 'piano');
insert into instruments (instrument_id, instrument_type) values(2, 'cello');
insert into instruments (instrument_id, instrument_type) values(3, 'guitar');
insert into instruments (instrument_id, instrument_type) values(4, 'violin');
insert into instruments (instrument_id, instrument_type) values(5, 'drums');
insert into instruments (instrument_id, instrument_type) values(6, 'flute');
insert into instruments (instrument_id, instrument_type) values(7, 'clarinet');
insert into instruments (instrument_id, instrument_type) values(8, 'saxophone');

--instructor_genres who can teach the specific genre
insert into instructor_genre (genre_id, instructor_id) values (1,1);
insert into instructor_genre (genre_id, instructor_id) values (2,1);
insert into instructor_genre (genre_id, instructor_id) values (3,1);
insert into instructor_genre (genre_id, instructor_id) values (4,1);
insert into instructor_genre (genre_id, instructor_id) values (5,1);
insert into instructor_genre (genre_id, instructor_id) values (1,8);
insert into instructor_genre (genre_id, instructor_id) values (2,8);
insert into instructor_genre (genre_id, instructor_id) values (5,8);
insert into instructor_genre (genre_id, instructor_id) values (1,3);
insert into instructor_genre (genre_id, instructor_id) values (2,3);

--brand
insert into brand (brand_id, brand_name) values (1, 'Gibson');
insert into brand (brand_id, brand_name) values (2, 'Veribet');
insert into brand (brand_id, brand_name) values (3, 'Trumix');
insert into brand (brand_id, brand_name) values (4, 'Fender');
insert into brand (brand_id, brand_name) values (5, 'Veribet');
insert into brand (brand_id, brand_name) values (6, 'Yamaha');
insert into brand (brand_id, brand_name) values (7, 'Kawai');
insert into brand (brand_id, brand_name) values (8, 'Shure');

--rentable_instrument
insert into rentable_instrument (rent_inst_id, brand_id, instrument_id, price_monthly) values (1, 1, 1, 200);
insert into rentable_instrument (rent_inst_id, brand_id, instrument_id, price_monthly) values (2, 2, 2, 300);
insert into rentable_instrument (rent_inst_id, brand_id, instrument_id, price_monthly) values (3, 3, 3, 250);
insert into rentable_instrument (rent_inst_id, brand_id, instrument_id, price_monthly) values (4, 4, 4, 150);
insert into rentable_instrument (rent_inst_id, brand_id, instrument_id, price_monthly) values (5, 5, 5, 275);
insert into rentable_instrument (rent_inst_id, brand_id, instrument_id, price_monthly) values (6, 6, 6, 225);
insert into rentable_instrument (rent_inst_id, brand_id, instrument_id, price_monthly) values (7, 1, 7, 325);
insert into rentable_instrument (rent_inst_id, brand_id, instrument_id, price_monthly) values (8, 2, 8, 175);
insert into rentable_instrument (rent_inst_id, brand_id, instrument_id, price_monthly) values (9, 2, 1, 175);
insert into rentable_instrument (rent_inst_id, brand_id, instrument_id, price_monthly) values (10, 2, 2, 300);
insert into rentable_instrument (rent_inst_id, brand_id, instrument_id, price_monthly) values (11, 3, 3, 250);
insert into rentable_instrument (rent_inst_id, brand_id, instrument_id, price_monthly) values (12, 4, 4, 150);
insert into rentable_instrument (rent_inst_id, brand_id, instrument_id, price_monthly) values (13, 5, 5, 275);
insert into rentable_instrument (rent_inst_id, brand_id, instrument_id, price_monthly) values (14, 6, 6, 225);
insert into rentable_instrument (rent_inst_id, brand_id, instrument_id, price_monthly) values (15, 1, 7, 325);
insert into rentable_instrument (rent_inst_id, brand_id, instrument_id, price_monthly) values (16, 2, 8, 175);
insert into rentable_instrument (rent_inst_id, brand_id, instrument_id, price_monthly) values (17, 1, 1, 200);
insert into rentable_instrument (rent_inst_id, brand_id, instrument_id, price_monthly) values (18, 2, 2, 300);
insert into rentable_instrument (rent_inst_id, brand_id, instrument_id, price_monthly) values (19, 3, 3, 250);
insert into rentable_instrument (rent_inst_id, brand_id, instrument_id, price_monthly) values (20, 4, 4, 150);
insert into rentable_instrument (rent_inst_id, brand_id, instrument_id, price_monthly) values (21, 5, 5, 275);
insert into rentable_instrument (rent_inst_id, brand_id, instrument_id, price_monthly) values (22, 6, 6, 225);
insert into rentable_instrument (rent_inst_id, brand_id, instrument_id, price_monthly) values (23, 1, 7, 325);
insert into rentable_instrument (rent_inst_id, brand_id, instrument_id, price_monthly) values (24, 2, 8, 175);
insert into rentable_instrument (rent_inst_id, brand_id, instrument_id, price_monthly) values (25, 1, 1, 200);
insert into rentable_instrument (rent_inst_id, brand_id, instrument_id, price_monthly) values (26, 2, 2, 300);
insert into rentable_instrument (rent_inst_id, brand_id, instrument_id, price_monthly) values (27, 3, 3, 250);
insert into rentable_instrument (rent_inst_id, brand_id, instrument_id, price_monthly) values (28, 4, 4, 150);
insert into rentable_instrument (rent_inst_id, brand_id, instrument_id, price_monthly) values (29, 5, 5, 275);
insert into rentable_instrument (rent_inst_id, brand_id, instrument_id, price_monthly) values (30, 6, 6, 225);
insert into rentable_instrument (rent_inst_id, brand_id, instrument_id, price_monthly) values (31, 1, 7, 325);
insert into rentable_instrument (rent_inst_id, brand_id, instrument_id, price_monthly) values (32, 2, 8, 175);
insert into rentable_instrument (rent_inst_id, brand_id, instrument_id, price_monthly) values (33, 1, 1, 200);
insert into rentable_instrument (rent_inst_id, brand_id, instrument_id, price_monthly) values (34, 2, 2, 300);
insert into rentable_instrument (rent_inst_id, brand_id, instrument_id, price_monthly) values (35, 3, 3, 250);
insert into rentable_instrument (rent_inst_id, brand_id, instrument_id, price_monthly) values (36, 4, 4, 150);
insert into rentable_instrument (rent_inst_id, brand_id, instrument_id, price_monthly) values (37, 5, 5, 275);
insert into rentable_instrument (rent_inst_id, brand_id, instrument_id, price_monthly) values (38, 6, 6, 225);
insert into rentable_instrument (rent_inst_id, brand_id, instrument_id, price_monthly) values (39, 1, 7, 325);
insert into rentable_instrument (rent_inst_id, brand_id, instrument_id, price_monthly) values (40, 2, 8, 175);
insert into rentable_instrument (rent_inst_id, brand_id, instrument_id, price_monthly) values (41, 1, 1, 200);
insert into rentable_instrument (rent_inst_id, brand_id, instrument_id, price_monthly) values (42, 2, 2, 300);
insert into rentable_instrument (rent_inst_id, brand_id, instrument_id, price_monthly) values (43, 3, 3, 250);
insert into rentable_instrument (rent_inst_id, brand_id, instrument_id, price_monthly) values (44, 4, 4, 150);
insert into rentable_instrument (rent_inst_id, brand_id, instrument_id, price_monthly) values (45, 5, 5, 275);
insert into rentable_instrument (rent_inst_id, brand_id, instrument_id, price_monthly) values (46, 6, 6, 225);
insert into rentable_instrument (rent_inst_id, brand_id, instrument_id, price_monthly) values (47, 1, 7, 325);
insert into rentable_instrument (rent_inst_id, brand_id, instrument_id, price_monthly) values (48, 2, 8, 175);
insert into rentable_instrument (rent_inst_id, brand_id, instrument_id, price_monthly) values (49, 1, 1, 200);
insert into rentable_instrument (rent_inst_id, brand_id, instrument_id, price_monthly) values (50, 2, 2, 300);
insert into rentable_instrument (rent_inst_id, brand_id, instrument_id, price_monthly) values (51, 3, 3, 250);
insert into rentable_instrument (rent_inst_id, brand_id, instrument_id, price_monthly) values (52, 4, 4, 150);
insert into rentable_instrument (rent_inst_id, brand_id, instrument_id, price_monthly) values (53, 5, 5, 275);
insert into rentable_instrument (rent_inst_id, brand_id, instrument_id, price_monthly) values (54, 6, 6, 225);
insert into rentable_instrument (rent_inst_id, brand_id, instrument_id, price_monthly) values (55, 1, 7, 325);
insert into rentable_instrument (rent_inst_id, brand_id, instrument_id, price_monthly) values (56, 2, 8, 175);
insert into rentable_instrument (rent_inst_id, brand_id, instrument_id, price_monthly) values (57, 1, 1, 200);
insert into rentable_instrument (rent_inst_id, brand_id, instrument_id, price_monthly) values (58, 2, 2, 300);
insert into rentable_instrument (rent_inst_id, brand_id, instrument_id, price_monthly) values (59, 3, 3, 250);
insert into rentable_instrument (rent_inst_id, brand_id, instrument_id, price_monthly) values (60, 4, 4, 150);
insert into rentable_instrument (rent_inst_id, brand_id, instrument_id, price_monthly) values (61, 5, 5, 275);
insert into rentable_instrument (rent_inst_id, brand_id, instrument_id, price_monthly) values (62, 6, 6, 225);
insert into rentable_instrument (rent_inst_id, brand_id, instrument_id, price_monthly) values (63, 1, 7, 325);
insert into rentable_instrument (rent_inst_id, brand_id, instrument_id, price_monthly) values (64, 2, 8, 175);
insert into rentable_instrument (rent_inst_id, brand_id, instrument_id, price_monthly) values (65, 1, 1, 200);
insert into rentable_instrument (rent_inst_id, brand_id, instrument_id, price_monthly) values (66, 2, 2, 300);
insert into rentable_instrument (rent_inst_id, brand_id, instrument_id, price_monthly) values (67, 3, 3, 250);
insert into rentable_instrument (rent_inst_id, brand_id, instrument_id, price_monthly) values (68, 4, 4, 150);
insert into rentable_instrument (rent_inst_id, brand_id, instrument_id, price_monthly) values (69, 5, 5, 275);
insert into rentable_instrument (rent_inst_id, brand_id, instrument_id, price_monthly) values (70, 6, 6, 225);
insert into rentable_instrument (rent_inst_id, brand_id, instrument_id, price_monthly) values (71, 1, 7, 325);
insert into rentable_instrument (rent_inst_id, brand_id, instrument_id, price_monthly) values (72, 2, 8, 175);
insert into rentable_instrument (rent_inst_id, brand_id, instrument_id, price_monthly) values (73, 1, 1, 200);
insert into rentable_instrument (rent_inst_id, brand_id, instrument_id, price_monthly) values (74, 2, 2, 300);
insert into rentable_instrument (rent_inst_id, brand_id, instrument_id, price_monthly) values (75, 3, 3, 250);
insert into rentable_instrument (rent_inst_id, brand_id, instrument_id, price_monthly) values (76, 4, 4, 150);
insert into rentable_instrument (rent_inst_id, brand_id, instrument_id, price_monthly) values (77, 5, 5, 275);
insert into rentable_instrument (rent_inst_id, brand_id, instrument_id, price_monthly) values (78, 6, 6, 225);
insert into rentable_instrument (rent_inst_id, brand_id, instrument_id, price_monthly) values (79, 1, 7, 325);
insert into rentable_instrument (rent_inst_id, brand_id, instrument_id, price_monthly) values (80, 2, 8, 175);
insert into rentable_instrument (rent_inst_id, brand_id, instrument_id, price_monthly) values (81, 1, 1, 200);
insert into rentable_instrument (rent_inst_id, brand_id, instrument_id, price_monthly) values (82, 2, 2, 300);
insert into rentable_instrument (rent_inst_id, brand_id, instrument_id, price_monthly) values (83, 3, 3, 250);
insert into rentable_instrument (rent_inst_id, brand_id, instrument_id, price_monthly) values (84, 4, 4, 150);
insert into rentable_instrument (rent_inst_id, brand_id, instrument_id, price_monthly) values (85, 5, 5, 275);
insert into rentable_instrument (rent_inst_id, brand_id, instrument_id, price_monthly) values (86, 6, 6, 225);
insert into rentable_instrument (rent_inst_id, brand_id, instrument_id, price_monthly) values (87, 1, 7, 325);
insert into rentable_instrument (rent_inst_id, brand_id, instrument_id, price_monthly) values (88, 2, 8, 175);
insert into rentable_instrument (rent_inst_id, brand_id, instrument_id, price_monthly) values (89, 1, 1, 200);
insert into rentable_instrument (rent_inst_id, brand_id, instrument_id, price_monthly) values (90, 2, 2, 300);
insert into rentable_instrument (rent_inst_id, brand_id, instrument_id, price_monthly) values (91, 3, 3, 250);
insert into rentable_instrument (rent_inst_id, brand_id, instrument_id, price_monthly) values (92, 4, 4, 150);
insert into rentable_instrument (rent_inst_id, brand_id, instrument_id, price_monthly) values (93, 5, 5, 275);
insert into rentable_instrument (rent_inst_id, brand_id, instrument_id, price_monthly) values (94, 6, 6, 225);
insert into rentable_instrument (rent_inst_id, brand_id, instrument_id, price_monthly) values (95, 1, 7, 325);
insert into rentable_instrument (rent_inst_id, brand_id, instrument_id, price_monthly) values (96, 2, 8, 175);
insert into rentable_instrument (rent_inst_id, brand_id, instrument_id, price_monthly) values (97, 1, 1, 200);
insert into rentable_instrument (rent_inst_id, brand_id, instrument_id, price_monthly) values (98, 2, 2, 300);
insert into rentable_instrument (rent_inst_id, brand_id, instrument_id, price_monthly) values (99, 3, 3, 250);
insert into rentable_instrument (rent_inst_id, brand_id, instrument_id, price_monthly) values (100, 4, 4, 150);
/** 
which instruments the instructor can teach out
--instruments id 1-8 is a list with different instruments
-- piano, cello, guitar, violin, drums, flute, clarinet, saxophone

**/
insert into instructor_instruments (instrument_id, instructor_id) values (1, 1);
insert into instructor_instruments (instrument_id, instructor_id) values (2, 1);
insert into instructor_instruments (instrument_id, instructor_id) values (3, 1);
insert into instructor_instruments (instrument_id, instructor_id) values (4, 1);
insert into instructor_instruments (instrument_id, instructor_id) values (5, 1);
insert into instructor_instruments (instrument_id, instructor_id) values (6, 1);
insert into instructor_instruments (instrument_id, instructor_id) values (7, 1);
insert into instructor_instruments (instrument_id, instructor_id) values (8, 1);
insert into instructor_instruments (instrument_id, instructor_id) values (2, 6);
insert into instructor_instruments (instrument_id, instructor_id) values (3, 5);
insert into instructor_instruments (instrument_id, instructor_id) values (1, 3);
insert into instructor_instruments (instrument_id, instructor_id) values (5, 5);
insert into instructor_instruments (instrument_id, instructor_id) values (6, 4);
insert into instructor_instruments (instrument_id, instructor_id) values (7, 8);
insert into instructor_instruments (instrument_id, instructor_id) values (8, 4);
insert into instructor_instruments (instrument_id, instructor_id) values (1, 8);
insert into instructor_instruments (instrument_id, instructor_id) values (2, 5);
insert into instructor_instruments (instrument_id, instructor_id) values (3, 8);
insert into instructor_instruments (instrument_id, instructor_id) values (4, 7);
insert into instructor_instruments (instrument_id, instructor_id) values (1, 5);
insert into instructor_instruments (instrument_id, instructor_id) values (6, 2);
insert into instructor_instruments (instrument_id, instructor_id) values (7, 6);
insert into instructor_instruments (instrument_id, instructor_id) values (8, 2);
insert into instructor_instruments (instrument_id, instructor_id) values (1, 6);
insert into instructor_instruments (instrument_id, instructor_id) values (2, 8);
insert into instructor_instruments (instrument_id, instructor_id) values (3, 4);
insert into instructor_instruments (instrument_id, instructor_id) values (4, 8);
insert into instructor_instruments (instrument_id, instructor_id) values (5, 7);
insert into instructor_instruments (instrument_id, instructor_id) values (6, 5);
insert into instructor_instruments (instrument_id, instructor_id) values (7, 2);
insert into instructor_instruments (instrument_id, instructor_id) values (8, 8);
insert into instructor_instruments (instrument_id, instructor_id) values (1, 7);
insert into instructor_instruments (instrument_id, instructor_id) values (2, 2);
insert into instructor_instruments (instrument_id, instructor_id) values (4, 3);
insert into instructor_instruments (instrument_id, instructor_id) values (5, 3);
insert into instructor_instruments (instrument_id, instructor_id) values (1, 4);
insert into instructor_instruments (instrument_id, instructor_id) values (7, 7);
insert into instructor_instruments (instrument_id, instructor_id) values (8, 5);
insert into instructor_instruments (instrument_id, instructor_id) values (1, 2);
insert into instructor_instruments (instrument_id, instructor_id) values (6, 8);
insert into instructor_instruments (instrument_id, instructor_id) values (2, 4);
insert into instructor_instruments (instrument_id, instructor_id) values (4, 2);




/*****************
prices depends on lesson_type, skill_level
if type is group then it is 200 per student
discount if student has siblings then it is price minus discount percentage 
*****************/
insert into price (price_id, lesson_type, sibling_discount, skill_level_id, price) values(1, 'individual', '50' , 1, '500');
insert into price (price_id, lesson_type, sibling_discount, skill_level_id, price) values(2, 'individual', '50', 2, '500');
insert into price (price_id, lesson_type, sibling_discount, skill_level_id, price) values(3, 'individual', '60', 3, '600');
insert into price (price_id, lesson_type, sibling_discount, skill_level_id, price) values(4, 'group', '20', 1,'200');
insert into price (price_id, lesson_type, sibling_discount, skill_level_id, price) values(5, 'group', '20', 2,'200');
insert into price (price_id, lesson_type, sibling_discount, skill_level_id, price) values(6, 'group', '30', 3,'300');
insert into price (price_id, lesson_type, sibling_discount, skill_level_id, price) values(7,'ensamble','20',NULL,'200');

--lessons
--monday group lesson skill_level 2
insert into lesson (lesson_id, time_slot, lesson_date, room, instructor_id, price_id, instrument_id) values (1, '14:00', '2023-01-02', 'beat', 2, 5, 1);
insert into lesson (lesson_id, time_slot, lesson_date, room, instructor_id, price_id, instrument_id) values (2, '15:00', '2023-01-02', 'box', 8, 5, 2);
insert into lesson (lesson_id, time_slot, lesson_date, room, instructor_id, price_id, instrument_id) values (3, '16:00', '2023-01-02', 'beat', 5, 5, 3);
insert into lesson (lesson_id, time_slot, lesson_date, room, instructor_id, price_id, instrument_id) values (4, '17:00', '2023-01-02', 'snake', 7, 5, 4);
insert into lesson (lesson_id, time_slot, lesson_date, room, instructor_id, price_id, instrument_id) values (5, '18:00', '2023-01-02', 'beat', 1, 5, 5);
insert into lesson (lesson_id, time_slot, lesson_date, room, instructor_id, price_id, instrument_id) values (6, '19:00', '2023-01-02', 'box', 1, 5, 6);
insert into lesson (lesson_id, time_slot, lesson_date, room, instructor_id, price_id, instrument_id) values (7, '20:00', '2023-01-02', 'beat', 8, 5, 7);
insert into lesson (lesson_id, time_slot, lesson_date, room, instructor_id, price_id, instrument_id) values (8, '21:00', '2023-01-02', 'beat', 1, 5, 8);
insert into lesson (lesson_id, time_slot, lesson_date, room, instructor_id, price_id, instrument_id) values (9, '14:00', '2023-01-09', 'beat', 3, 5, 1);
insert into lesson (lesson_id, time_slot, lesson_date, room, instructor_id, price_id, instrument_id) values (10, '15:00', '2023-01-09', 'beat', 4, 5, 2);
insert into lesson (lesson_id, time_slot, lesson_date, room, instructor_id, price_id, instrument_id) values (11, '16:00', '2023-01-09', 'beat', 5, 5, 3);
insert into lesson (lesson_id, time_slot, lesson_date, room, instructor_id, price_id, instrument_id) values (12, '17:00', '2023-01-09', 'snake', 1, 5, 4);
insert into lesson (lesson_id, time_slot, lesson_date, room, instructor_id, price_id, instrument_id) values (13, '18:00', '2023-01-09', 'box', 1, 5, 5);
insert into lesson (lesson_id, time_slot, lesson_date, room, instructor_id, price_id, instrument_id) values (14, '19:00', '2023-01-09', 'snake', 2, 5, 6);
insert into lesson (lesson_id, time_slot, lesson_date, room, instructor_id, price_id, instrument_id) values (15, '20:00', '2023-01-09', 'beat', 2, 5, 7);
insert into lesson (lesson_id, time_slot, lesson_date, room, instructor_id, price_id, instrument_id) values (16, '21:00', '2023-01-09', 'beat', 1, 5, 8);
insert into lesson (lesson_id, time_slot, lesson_date, room, instructor_id, price_id, instrument_id) values (17, '14:00', '2023-01-16', 'snake', 2, 5, 1);
insert into lesson (lesson_id, time_slot, lesson_date, room, instructor_id, price_id, instrument_id) values (18, '15:00', '2023-01-16', 'snake', 2, 5, 2);
insert into lesson (lesson_id, time_slot, lesson_date, room, instructor_id, price_id, instrument_id) values (19, '16:00', '2023-01-16', 'box', 4, 5, 3);
insert into lesson (lesson_id, time_slot, lesson_date, room, instructor_id, price_id, instrument_id) values (20, '17:00', '2023-01-16', 'beat', 3, 5, 4);
insert into lesson (lesson_id, time_slot, lesson_date, room, instructor_id, price_id, instrument_id) values (21, '18:00', '2023-01-16', 'snake', 1, 5, 5);
insert into lesson (lesson_id, time_slot, lesson_date, room, instructor_id, price_id, instrument_id) values (22, '19:00', '2023-01-16', 'box', 5, 5, 6);
insert into lesson (lesson_id, time_slot, lesson_date, room, instructor_id, price_id, instrument_id) values (23, '20:00', '2023-01-16', 'snake', 8, 5, 7);
insert into lesson (lesson_id, time_slot, lesson_date, room, instructor_id, price_id, instrument_id) values (24, '21:00', '2023-01-16', 'snake', 2, 5, 8);
insert into lesson (lesson_id, time_slot, lesson_date, room, instructor_id, price_id, instrument_id) values (25, '14:00', '2023-01-23', 'snake', 2, 5, 1);
insert into lesson (lesson_id, time_slot, lesson_date, room, instructor_id, price_id, instrument_id) values (26, '15:00', '2023-01-23', 'box', 4, 5, 2);
insert into lesson (lesson_id, time_slot, lesson_date, room, instructor_id, price_id, instrument_id) values (27, '16:00', '2023-01-23', 'beat', 5, 5, 3);
insert into lesson (lesson_id, time_slot, lesson_date, room, instructor_id, price_id, instrument_id) values (28, '17:00', '2023-01-23', 'snake', 7, 5, 4);
insert into lesson (lesson_id, time_slot, lesson_date, room, instructor_id, price_id, instrument_id) values (29, '18:00', '2023-01-23', 'box', 1, 5, 5);
insert into lesson (lesson_id, time_slot, lesson_date, room, instructor_id, price_id, instrument_id) values (30, '19:00', '2023-01-23', 'box', 5, 5, 6);
insert into lesson (lesson_id, time_slot, lesson_date, room, instructor_id, price_id, instrument_id) values (31, '20:00', '2023-01-23', 'snake', 2, 5, 7);
insert into lesson (lesson_id, time_slot, lesson_date, room, instructor_id, price_id, instrument_id) values (32, '21:00', '2023-01-23', 'snake', 5, 5, 8);
insert into lesson (lesson_id, time_slot, lesson_date, room, instructor_id, price_id, instrument_id) values (33, '14:00', '2023-01-30', 'beat', 8, 5, 1);
insert into lesson (lesson_id, time_slot, lesson_date, room, instructor_id, price_id, instrument_id) values (34, '15:00', '2023-01-30', 'beat', 4, 5, 2);
insert into lesson (lesson_id, time_slot, lesson_date, room, instructor_id, price_id, instrument_id) values (35, '16:00', '2023-01-30', 'box', 5, 5, 3);
insert into lesson (lesson_id, time_slot, lesson_date, room, instructor_id, price_id, instrument_id) values (36, '17:00', '2023-01-30', 'snake', 7, 5, 4);
insert into lesson (lesson_id, time_slot, lesson_date, room, instructor_id, price_id, instrument_id) values (37, '18:00', '2023-01-30', 'snake', 3, 5, 5);
insert into lesson (lesson_id, time_slot, lesson_date, room, instructor_id, price_id, instrument_id) values (38, '19:00', '2023-01-30', 'box', 1, 5, 6);
insert into lesson (lesson_id, time_slot, lesson_date, room, instructor_id, price_id, instrument_id) values (39, '20:00', '2023-01-30', 'beat', 8, 5, 7);
insert into lesson (lesson_id, time_slot, lesson_date, room, instructor_id, price_id, instrument_id) values (40, '21:00', '2023-01-30', 'box', 4, 5, 8);
insert into lesson (lesson_id, time_slot, lesson_date, room, instructor_id, price_id, instrument_id) values (41, '14:00', '2023-02-06', 'beat', 2, 5, 1);
insert into lesson (lesson_id, time_slot, lesson_date, room, instructor_id, price_id, instrument_id) values (42, '15:00', '2023-02-06', 'snake', 5, 5, 2);
insert into lesson (lesson_id, time_slot, lesson_date, room, instructor_id, price_id, instrument_id) values (43, '16:00', '2023-02-06', 'beat', 1, 5, 3);
insert into lesson (lesson_id, time_slot, lesson_date, room, instructor_id, price_id, instrument_id) values (44, '17:00', '2023-02-06', 'box', 3, 5, 4);
insert into lesson (lesson_id, time_slot, lesson_date, room, instructor_id, price_id, instrument_id) values (45, '18:00', '2023-02-06', 'beat', 3, 5, 5);
insert into lesson (lesson_id, time_slot, lesson_date, room, instructor_id, price_id, instrument_id) values (46, '19:00', '2023-02-06', 'snake', 5, 5, 6);
insert into lesson (lesson_id, time_slot, lesson_date, room, instructor_id, price_id, instrument_id) values (47, '20:00', '2023-02-06', 'snake', 8, 5, 7);
insert into lesson (lesson_id, time_slot, lesson_date, room, instructor_id, price_id, instrument_id) values (48, '21:00', '2023-02-06', 'box', 1, 5, 8);
insert into lesson (lesson_id, time_slot, lesson_date, room, instructor_id, price_id, instrument_id) values (49, '14:00', '2023-02-13', 'snake', 8, 5, 1);
insert into lesson (lesson_id, time_slot, lesson_date, room, instructor_id, price_id, instrument_id) values (50, '15:00', '2023-02-13', 'beat', 4, 5, 2);
insert into lesson (lesson_id, time_slot, lesson_date, room, instructor_id, price_id, instrument_id) values (51, '16:00', '2023-02-13', 'beat', 4, 5, 3);
insert into lesson (lesson_id, time_slot, lesson_date, room, instructor_id, price_id, instrument_id) values (52, '17:00', '2023-02-13', 'snake', 7, 5, 4);
insert into lesson (lesson_id, time_slot, lesson_date, room, instructor_id, price_id, instrument_id) values (53, '18:00', '2023-02-13', 'box', 3, 5, 5);
insert into lesson (lesson_id, time_slot, lesson_date, room, instructor_id, price_id, instrument_id) values (54, '19:00', '2023-02-13', 'box', 5, 5, 6);
insert into lesson (lesson_id, time_slot, lesson_date, room, instructor_id, price_id, instrument_id) values (55, '20:00', '2023-02-13', 'beat', 2, 5, 7);
insert into lesson (lesson_id, time_slot, lesson_date, room, instructor_id, price_id, instrument_id) values (56, '21:00', '2023-02-13', 'snake', 4, 5, 8);
insert into lesson (lesson_id, time_slot, lesson_date, room, instructor_id, price_id, instrument_id) values (57, '14:00', '2023-02-20', 'snake', 3, 5, 1);
insert into lesson (lesson_id, time_slot, lesson_date, room, instructor_id, price_id, instrument_id) values (58, '15:00', '2023-02-20', 'box', 8, 5, 2);
insert into lesson (lesson_id, time_slot, lesson_date, room, instructor_id, price_id, instrument_id) values (59, '16:00', '2023-02-20', 'box', 4, 5, 3);
insert into lesson (lesson_id, time_slot, lesson_date, room, instructor_id, price_id, instrument_id) values (60, '17:00', '2023-02-20', 'snake', 2, 5, 4);
insert into lesson (lesson_id, time_slot, lesson_date, room, instructor_id, price_id, instrument_id) values (61, '18:00', '2023-02-20', 'snake', 1, 5, 5);
insert into lesson (lesson_id, time_slot, lesson_date, room, instructor_id, price_id, instrument_id) values (62, '19:00', '2023-02-20', 'box', 8, 5, 6);
insert into lesson (lesson_id, time_slot, lesson_date, room, instructor_id, price_id, instrument_id) values (63, '20:00', '2023-02-20', 'beat', 1, 5, 7);
insert into lesson (lesson_id, time_slot, lesson_date, room, instructor_id, price_id, instrument_id) values (64, '21:00', '2023-02-20', 'snake', 1, 5, 8);

--tuesday group lesson skill_level 3
insert into lesson (lesson_id, time_slot, lesson_date, room, instructor_id, price_id, instrument_id) values (65, '14:00', '2023-01-03', 'box', 8, 6, 1);
insert into lesson (lesson_id, time_slot, lesson_date, room, instructor_id, price_id, instrument_id) values (66, '15:00', '2023-01-03', 'box', 8, 6, 2);
insert into lesson (lesson_id, time_slot, lesson_date, room, instructor_id, price_id, instrument_id) values (67, '16:00', '2023-01-03', 'box', 5, 6, 3);
insert into lesson (lesson_id, time_slot, lesson_date, room, instructor_id, price_id, instrument_id) values (68, '17:00', '2023-01-03', 'snake', 2, 6, 4);
insert into lesson (lesson_id, time_slot, lesson_date, room, instructor_id, price_id, instrument_id) values (69, '18:00', '2023-01-03', 'box', 5, 6, 5);
insert into lesson (lesson_id, time_slot, lesson_date, room, instructor_id, price_id, instrument_id) values (70, '19:00', '2023-01-03', 'beat', 2, 6, 6);
insert into lesson (lesson_id, time_slot, lesson_date, room, instructor_id, price_id, instrument_id) values (71, '20:00', '2023-01-03', 'box', 2, 6, 7);
insert into lesson (lesson_id, time_slot, lesson_date, room, instructor_id, price_id, instrument_id) values (72, '21:00', '2023-01-03', 'box', 2, 6, 8);
insert into lesson (lesson_id, time_slot, lesson_date, room, instructor_id, price_id, instrument_id) values (73, '14:00', '2023-01-10', 'snake', 1, 6, 1);
insert into lesson (lesson_id, time_slot, lesson_date, room, instructor_id, price_id, instrument_id) values (74, '15:00', '2023-01-10', 'box', 2, 6, 2);
insert into lesson (lesson_id, time_slot, lesson_date, room, instructor_id, price_id, instrument_id) values (75, '16:00', '2023-01-10', 'box', 8, 6, 3);
insert into lesson (lesson_id, time_slot, lesson_date, room, instructor_id, price_id, instrument_id) values (76, '17:00', '2023-01-10', 'beat', 1, 6, 4);
insert into lesson (lesson_id, time_slot, lesson_date, room, instructor_id, price_id, instrument_id) values (77, '18:00', '2023-01-10', 'box', 1, 6, 5);
insert into lesson (lesson_id, time_slot, lesson_date, room, instructor_id, price_id, instrument_id) values (78, '19:00', '2023-01-10', 'box', 1, 6, 6);
insert into lesson (lesson_id, time_slot, lesson_date, room, instructor_id, price_id, instrument_id) values (79, '20:00', '2023-01-10', 'snake', 6, 6, 7);
insert into lesson (lesson_id, time_slot, lesson_date, room, instructor_id, price_id, instrument_id) values (80, '21:00', '2023-01-10', 'beat', 1, 6, 8);
insert into lesson (lesson_id, time_slot, lesson_date, room, instructor_id, price_id, instrument_id) values (81, '14:00', '2023-01-19', 'beat', 5, 6, 1);
insert into lesson (lesson_id, time_slot, lesson_date, room, instructor_id, price_id, instrument_id) values (82, '15:00', '2023-01-19', 'beat', 1, 6, 2);
insert into lesson (lesson_id, time_slot, lesson_date, room, instructor_id, price_id, instrument_id) values (83, '16:00', '2023-01-19', 'beat', 5, 6, 3);
insert into lesson (lesson_id, time_slot, lesson_date, room, instructor_id, price_id, instrument_id) values (84, '17:00', '2023-01-19', 'snake', 3, 6, 4);
insert into lesson (lesson_id, time_slot, lesson_date, room, instructor_id, price_id, instrument_id) values (85, '18:00', '2023-01-19', 'beat', 5, 6, 5);
insert into lesson (lesson_id, time_slot, lesson_date, room, instructor_id, price_id, instrument_id) values (86, '19:00', '2023-01-19', 'beat', 8, 6, 6);
insert into lesson (lesson_id, time_slot, lesson_date, room, instructor_id, price_id, instrument_id) values (87, '20:00', '2023-01-19', 'snake', 8, 6, 7);
insert into lesson (lesson_id, time_slot, lesson_date, room, instructor_id, price_id, instrument_id) values (88, '21:00', '2023-01-19', 'box', 2, 6, 8);
insert into lesson (lesson_id, time_slot, lesson_date, room, instructor_id, price_id, instrument_id) values (89, '14:00', '2023-01-24', 'beat', 1, 6, 1);
insert into lesson (lesson_id, time_slot, lesson_date, room, instructor_id, price_id, instrument_id) values (90, '15:00', '2023-01-24', 'beat', 8, 6, 2);
insert into lesson (lesson_id, time_slot, lesson_date, room, instructor_id, price_id, instrument_id) values (91, '16:00', '2023-01-24', 'box', 5, 6, 3);
insert into lesson (lesson_id, time_slot, lesson_date, room, instructor_id, price_id, instrument_id) values (92, '17:00', '2023-01-24', 'snake', 7, 6, 4);
insert into lesson (lesson_id, time_slot, lesson_date, room, instructor_id, price_id, instrument_id) values (93, '18:00', '2023-01-24', 'snake', 3, 6, 5);
insert into lesson (lesson_id, time_slot, lesson_date, room, instructor_id, price_id, instrument_id) values (94, '19:00', '2023-01-24', 'box', 8, 6, 6);
insert into lesson (lesson_id, time_slot, lesson_date, room, instructor_id, price_id, instrument_id) values (95, '20:00', '2023-01-24', 'box', 8, 6, 7);
insert into lesson (lesson_id, time_slot, lesson_date, room, instructor_id, price_id, instrument_id) values (96, '21:00', '2023-01-24', 'snake', 1, 6, 8);
insert into lesson (lesson_id, time_slot, lesson_date, room, instructor_id, price_id, instrument_id) values (97, '14:00', '2023-01-31', 'beat', 7, 6, 1);
insert into lesson (lesson_id, time_slot, lesson_date, room, instructor_id, price_id, instrument_id) values (98, '15:00', '2023-01-31', 'snake', 6, 6, 2);
insert into lesson (lesson_id, time_slot, lesson_date, room, instructor_id, price_id, instrument_id) values (99, '16:00', '2023-01-31', 'beat', 5, 6, 3);
insert into lesson (lesson_id, time_slot, lesson_date, room, instructor_id, price_id, instrument_id) values (100, '17:00', '2023-01-31', 'beat', 8, 6, 4);
insert into lesson (lesson_id, time_slot, lesson_date, room, instructor_id, price_id, instrument_id) values (101, '18:00', '2023-01-31', 'beat', 7, 6, 5);
insert into lesson (lesson_id, time_slot, lesson_date, room, instructor_id, price_id, instrument_id) values (102, '19:00', '2023-01-31', 'box', 1, 6, 6);
insert into lesson (lesson_id, time_slot, lesson_date, room, instructor_id, price_id, instrument_id) values (103, '20:00', '2023-01-31', 'beat', 7, 6, 7);
insert into lesson (lesson_id, time_slot, lesson_date, room, instructor_id, price_id, instrument_id) values (104, '21:00', '2023-01-31', 'box', 8, 6, 8);
insert into lesson (lesson_id, time_slot, lesson_date, room, instructor_id, price_id, instrument_id) values (105, '14:00', '2023-02-07', 'beat', 6, 6, 1);
insert into lesson (lesson_id, time_slot, lesson_date, room, instructor_id, price_id, instrument_id) values (106, '15:00', '2023-02-07', 'snake', 2, 6, 2);
insert into lesson (lesson_id, time_slot, lesson_date, room, instructor_id, price_id, instrument_id) values (107, '16:00', '2023-02-07', 'beat', 8, 6, 3);
insert into lesson (lesson_id, time_slot, lesson_date, room, instructor_id, price_id, instrument_id) values (108, '17:00', '2023-02-07', 'snake', 3, 6, 4);
insert into lesson (lesson_id, time_slot, lesson_date, room, instructor_id, price_id, instrument_id) values (109, '18:00', '2023-02-07', 'beat', 3, 6, 5);
insert into lesson (lesson_id, time_slot, lesson_date, room, instructor_id, price_id, instrument_id) values (110, '19:00', '2023-02-07', 'snake', 2, 6, 6);
insert into lesson (lesson_id, time_slot, lesson_date, room, instructor_id, price_id, instrument_id) values (111, '20:00', '2023-02-07', 'snake', 6, 6, 7);
insert into lesson (lesson_id, time_slot, lesson_date, room, instructor_id, price_id, instrument_id) values (112, '21:00', '2023-02-07', 'snake', 5, 6, 8);
insert into lesson (lesson_id, time_slot, lesson_date, room, instructor_id, price_id, instrument_id) values (113, '14:00', '2023-02-14', 'box', 3, 6, 1);
insert into lesson (lesson_id, time_slot, lesson_date, room, instructor_id, price_id, instrument_id) values (114, '15:00', '2023-02-14', 'snake', 8, 6, 2);
insert into lesson (lesson_id, time_slot, lesson_date, room, instructor_id, price_id, instrument_id) values (115, '16:00', '2023-02-14', 'beat', 5, 6, 3);
insert into lesson (lesson_id, time_slot, lesson_date, room, instructor_id, price_id, instrument_id) values (116, '17:00', '2023-02-14', 'box', 1, 6, 4);
insert into lesson (lesson_id, time_slot, lesson_date, room, instructor_id, price_id, instrument_id) values (117, '18:00', '2023-02-14', 'beat', 3, 6, 5);
insert into lesson (lesson_id, time_slot, lesson_date, room, instructor_id, price_id, instrument_id) values (118, '19:00', '2023-02-14', 'snake', 2, 6, 6);
insert into lesson (lesson_id, time_slot, lesson_date, room, instructor_id, price_id, instrument_id) values (119, '20:00', '2023-02-14', 'snake', 6, 6, 7);
insert into lesson (lesson_id, time_slot, lesson_date, room, instructor_id, price_id, instrument_id) values (120, '21:00', '2023-02-14', 'snake', 8, 6, 8);
insert into lesson (lesson_id, time_slot, lesson_date, room, instructor_id, price_id, instrument_id) values (121, '14:00', '2023-02-21', 'box', 4, 6, 1);
insert into lesson (lesson_id, time_slot, lesson_date, room, instructor_id, price_id, instrument_id) values (122, '15:00', '2023-02-21', 'box', 5, 6, 2);
insert into lesson (lesson_id, time_slot, lesson_date, room, instructor_id, price_id, instrument_id) values (123, '16:00', '2023-02-21', 'snake', 5, 6, 3);
insert into lesson (lesson_id, time_slot, lesson_date, room, instructor_id, price_id, instrument_id) values (124, '17:00', '2023-02-21', 'box', 7, 6, 4);
insert into lesson (lesson_id, time_slot, lesson_date, room, instructor_id, price_id, instrument_id) values (125, '18:00', '2023-02-21', 'snake', 5, 6, 5);
insert into lesson (lesson_id, time_slot, lesson_date, room, instructor_id, price_id, instrument_id) values (126, '19:00', '2023-02-21', 'box', 5, 6, 6);
insert into lesson (lesson_id, time_slot, lesson_date, room, instructor_id, price_id, instrument_id) values (127, '20:00', '2023-02-21', 'beat', 2, 6, 7);
insert into lesson (lesson_id, time_slot, lesson_date, room, instructor_id, price_id, instrument_id) values (128, '21:00', '2023-02-21', 'snake', 1, 6, 8);

--thursday group lesson skill_level 1
insert into lesson (lesson_id, time_slot, lesson_date, room, instructor_id, price_id, instrument_id) values (129, '14:00', '2023-01-05', 'box', 5, 4, 8);
insert into lesson (lesson_id, time_slot, lesson_date, room, instructor_id, price_id, instrument_id) values (130, '15:00', '2023-01-05', 'box', 8, 4, 7);
insert into lesson (lesson_id, time_slot, lesson_date, room, instructor_id, price_id, instrument_id) values (131, '16:00', '2023-01-05', 'box', 5, 4, 6);
insert into lesson (lesson_id, time_slot, lesson_date, room, instructor_id, price_id, instrument_id) values (132, '17:00', '2023-01-05', 'beat', 2, 4, 5);
insert into lesson (lesson_id, time_slot, lesson_date, room, instructor_id, price_id, instrument_id) values (133, '18:00', '2023-01-05', 'box', 1, 4, 4);
insert into lesson (lesson_id, time_slot, lesson_date, room, instructor_id, price_id, instrument_id) values (134, '19:00', '2023-01-05', 'box', 1, 4, 3);
insert into lesson (lesson_id, time_slot, lesson_date, room, instructor_id, price_id, instrument_id) values (135, '20:00', '2023-01-05', 'box', 1, 4, 2);
insert into lesson (lesson_id, time_slot, lesson_date, room, instructor_id, price_id, instrument_id) values (136, '21:00', '2023-01-05', 'beat', 1, 4, 1);
insert into lesson (lesson_id, time_slot, lesson_date, room, instructor_id, price_id, instrument_id) values (137, '14:00', '2023-01-12', 'beat', 6, 4, 8);
insert into lesson (lesson_id, time_slot, lesson_date, room, instructor_id, price_id, instrument_id) values (138, '15:00', '2023-01-12', 'snake', 2, 4, 7);
insert into lesson (lesson_id, time_slot, lesson_date, room, instructor_id, price_id, instrument_id) values (139, '16:00', '2023-01-12', 'box', 4, 4, 6);
insert into lesson (lesson_id, time_slot, lesson_date, room, instructor_id, price_id, instrument_id) values (140, '17:00', '2023-01-12', 'snake', 1, 4, 5);
insert into lesson (lesson_id, time_slot, lesson_date, room, instructor_id, price_id, instrument_id) values (141, '18:00', '2023-01-12', 'snake', 7, 4, 4);
insert into lesson (lesson_id, time_slot, lesson_date, room, instructor_id, price_id, instrument_id) values (142, '19:00', '2023-01-12', 'snake', 5, 4, 3);
insert into lesson (lesson_id, time_slot, lesson_date, room, instructor_id, price_id, instrument_id) values (143, '20:00', '2023-01-12', 'box', 6, 4, 2);
insert into lesson (lesson_id, time_slot, lesson_date, room, instructor_id, price_id, instrument_id) values (144, '21:00', '2023-01-12', 'box', 8, 4, 1);
insert into lesson (lesson_id, time_slot, lesson_date, room, instructor_id, price_id, instrument_id) values (145, '14:00', '2023-01-19', 'beat', 8, 4, 8);
insert into lesson (lesson_id, time_slot, lesson_date, room, instructor_id, price_id, instrument_id) values (146, '15:00', '2023-01-19', 'snake', 8, 4, 7);
insert into lesson (lesson_id, time_slot, lesson_date, room, instructor_id, price_id, instrument_id) values (147, '16:00', '2023-01-19', 'box', 1, 4, 6);
insert into lesson (lesson_id, time_slot, lesson_date, room, instructor_id, price_id, instrument_id) values (148, '17:00', '2023-01-19', 'box', 1, 4, 5);
insert into lesson (lesson_id, time_slot, lesson_date, room, instructor_id, price_id, instrument_id) values (149, '18:00', '2023-01-19', 'box', 7, 4, 4);
insert into lesson (lesson_id, time_slot, lesson_date, room, instructor_id, price_id, instrument_id) values (150, '19:00', '2023-01-19', 'beat', 4, 4, 3);
insert into lesson (lesson_id, time_slot, lesson_date, room, instructor_id, price_id, instrument_id) values (151, '20:00', '2023-01-19', 'box', 2, 4, 2);
insert into lesson (lesson_id, time_slot, lesson_date, room, instructor_id, price_id, instrument_id) values (152, '21:00', '2023-01-19', 'snake', 8, 4, 1);
insert into lesson (lesson_id, time_slot, lesson_date, room, instructor_id, price_id, instrument_id) values (153, '14:00', '2023-01-26', 'snake', 4, 4, 8);
insert into lesson (lesson_id, time_slot, lesson_date, room, instructor_id, price_id, instrument_id) values (154, '15:00', '2023-01-26', 'snake', 8, 4, 7);
insert into lesson (lesson_id, time_slot, lesson_date, room, instructor_id, price_id, instrument_id) values (155, '16:00', '2023-01-26', 'beat', 8, 4, 6);
insert into lesson (lesson_id, time_slot, lesson_date, room, instructor_id, price_id, instrument_id) values (156, '17:00', '2023-01-26', 'snake', 7, 4, 5);
insert into lesson (lesson_id, time_slot, lesson_date, room, instructor_id, price_id, instrument_id) values (157, '18:00', '2023-01-26', 'box', 5, 4, 4);
insert into lesson (lesson_id, time_slot, lesson_date, room, instructor_id, price_id, instrument_id) values (158, '19:00', '2023-01-26', 'beat', 1, 4, 3);
insert into lesson (lesson_id, time_slot, lesson_date, room, instructor_id, price_id, instrument_id) values (159, '20:00', '2023-01-26', 'snake', 2, 4, 2);
insert into lesson (lesson_id, time_slot, lesson_date, room, instructor_id, price_id, instrument_id) values (160, '21:00', '2023-01-26', 'snake', 5, 4, 1);
insert into lesson (lesson_id, time_slot, lesson_date, room, instructor_id, price_id, instrument_id) values (161, '14:00', '2023-02-02', 'box', 2, 4, 8);
insert into lesson (lesson_id, time_slot, lesson_date, room, instructor_id, price_id, instrument_id) values (162, '15:00', '2023-02-02', 'beat', 8, 4, 7);
insert into lesson (lesson_id, time_slot, lesson_date, room, instructor_id, price_id, instrument_id) values (163, '16:00', '2023-02-02', 'snake', 8, 4, 6);
insert into lesson (lesson_id, time_slot, lesson_date, room, instructor_id, price_id, instrument_id) values (164, '17:00', '2023-02-02', 'beat', 8, 4, 5);
insert into lesson (lesson_id, time_slot, lesson_date, room, instructor_id, price_id, instrument_id) values (165, '18:00', '2023-02-02', 'beat', 1, 4, 4);
insert into lesson (lesson_id, time_slot, lesson_date, room, instructor_id, price_id, instrument_id) values (166, '19:00', '2023-02-02', 'snake', 8, 4, 3);
insert into lesson (lesson_id, time_slot, lesson_date, room, instructor_id, price_id, instrument_id) values (167, '20:00', '2023-02-02', 'box', 2, 4, 2);
insert into lesson (lesson_id, time_slot, lesson_date, room, instructor_id, price_id, instrument_id) values (168, '21:00', '2023-02-02', 'snake', 1, 4, 1);
insert into lesson (lesson_id, time_slot, lesson_date, room, instructor_id, price_id, instrument_id) values (169, '14:00', '2023-02-09', 'box', 5, 4, 8);
insert into lesson (lesson_id, time_slot, lesson_date, room, instructor_id, price_id, instrument_id) values (170, '15:00', '2023-02-09', 'snake', 8, 4, 7);
insert into lesson (lesson_id, time_slot, lesson_date, room, instructor_id, price_id, instrument_id) values (171, '16:00', '2023-02-09', 'snake', 8, 4, 6);
insert into lesson (lesson_id, time_slot, lesson_date, room, instructor_id, price_id, instrument_id) values (172, '17:00', '2023-02-09', 'snake', 3, 4, 5);
insert into lesson (lesson_id, time_slot, lesson_date, room, instructor_id, price_id, instrument_id) values (173, '18:00', '2023-02-09', 'beat', 1, 4, 4);
insert into lesson (lesson_id, time_slot, lesson_date, room, instructor_id, price_id, instrument_id) values (174, '19:00', '2023-02-09', 'beat', 2, 4, 3);
insert into lesson (lesson_id, time_slot, lesson_date, room, instructor_id, price_id, instrument_id) values (175, '20:00', '2023-02-09', 'beat', 8, 4, 2);
insert into lesson (lesson_id, time_slot, lesson_date, room, instructor_id, price_id, instrument_id) values (176, '21:00', '2023-02-09', 'beat', 5, 4, 1);
insert into lesson (lesson_id, time_slot, lesson_date, room, instructor_id, price_id, instrument_id) values (177, '14:00', '2023-02-16', 'box', 5, 4, 8);
insert into lesson (lesson_id, time_slot, lesson_date, room, instructor_id, price_id, instrument_id) values (178, '15:00', '2023-02-16', 'snake', 2, 4, 7);
insert into lesson (lesson_id, time_slot, lesson_date, room, instructor_id, price_id, instrument_id) values (179, '16:00', '2023-02-16', 'box', 1, 4, 6);
insert into lesson (lesson_id, time_slot, lesson_date, room, instructor_id, price_id, instrument_id) values (180, '17:00', '2023-02-16', 'beat', 7, 4, 5);
insert into lesson (lesson_id, time_slot, lesson_date, room, instructor_id, price_id, instrument_id) values (181, '18:00', '2023-02-16', 'box', 3, 4, 4);
insert into lesson (lesson_id, time_slot, lesson_date, room, instructor_id, price_id, instrument_id) values (182, '19:00', '2023-02-16', 'snake', 1, 4, 3);
insert into lesson (lesson_id, time_slot, lesson_date, room, instructor_id, price_id, instrument_id) values (183, '20:00', '2023-02-16', 'beat', 6, 4, 2);
insert into lesson (lesson_id, time_slot, lesson_date, room, instructor_id, price_id, instrument_id) values (184, '21:00', '2023-02-16', 'box', 1, 4, 1);
insert into lesson (lesson_id, time_slot, lesson_date, room, instructor_id, price_id, instrument_id) values (185, '14:00', '2023-02-23', 'beat', 6, 4, 8);
insert into lesson (lesson_id, time_slot, lesson_date, room, instructor_id, price_id, instrument_id) values (186, '15:00', '2023-02-23', 'beat', 6, 4, 7);
insert into lesson (lesson_id, time_slot, lesson_date, room, instructor_id, price_id, instrument_id) values (187, '16:00', '2023-02-23', 'snake', 4, 4, 6);
insert into lesson (lesson_id, time_slot, lesson_date, room, instructor_id, price_id, instrument_id) values (188, '17:00', '2023-02-23', 'beat', 7, 4, 5);
insert into lesson (lesson_id, time_slot, lesson_date, room, instructor_id, price_id, instrument_id) values (189, '18:00', '2023-02-23', 'beat', 5, 4, 4);
insert into lesson (lesson_id, time_slot, lesson_date, room, instructor_id, price_id, instrument_id) values (190, '19:00', '2023-02-23', 'box', 4, 4, 3);
insert into lesson (lesson_id, time_slot, lesson_date, room, instructor_id, price_id, instrument_id) values (191, '20:00', '2023-02-23', 'beat', 6, 4, 2);
insert into lesson (lesson_id, time_slot, lesson_date, room, instructor_id, price_id, instrument_id) values (192, '21:00', '2023-02-23', 'beat', 8, 4, 1);

-- group lesson that is ensamble
insert into lesson (lesson_id, time_slot, lesson_date, room, instructor_id, price_id, instrument_id) values (193, '17:00', '2023-01-06', 'beat', 1, 7, NULL);
insert into lesson (lesson_id, time_slot, lesson_date, room, instructor_id, price_id, instrument_id) values (194, '18:00', '2023-01-06', 'box', 8, 7, NULL);
insert into lesson (lesson_id, time_slot, lesson_date, room, instructor_id, price_id, instrument_id) values (195, '19:00', '2023-01-06', 'snake', 1, 7, NULL);
insert into lesson (lesson_id, time_slot, lesson_date, room, instructor_id, price_id, instrument_id) values (196, '20:00', '2023-01-06', 'box', 1, 7, NULL);
insert into lesson (lesson_id, time_slot, lesson_date, room, instructor_id, price_id, instrument_id) values (197, '21:00', '2023-01-06', 'box', 1, 7, NULL);
insert into lesson (lesson_id, time_slot, lesson_date, room, instructor_id, price_id, instrument_id) values (198, '17:00', '2023-01-13', 'box', 3, 7, NULL);
insert into lesson (lesson_id, time_slot, lesson_date, room, instructor_id, price_id, instrument_id) values (199, '18:00', '2023-01-13', 'snake', 3, 7, NULL);
insert into lesson (lesson_id, time_slot, lesson_date, room, instructor_id, price_id, instrument_id) values (200, '19:00', '2023-01-13', 'box', 1, 7, NULL);
insert into lesson (lesson_id, time_slot, lesson_date, room, instructor_id, price_id, instrument_id) values (201, '20:00', '2023-01-13', 'beat', 1, 7, NULL);
insert into lesson (lesson_id, time_slot, lesson_date, room, instructor_id, price_id, instrument_id) values (202, '21:00', '2023-01-13', 'snake', 1, 7, NULL);
insert into lesson (lesson_id, time_slot, lesson_date, room, instructor_id, price_id, instrument_id) values (203, '17:00', '2023-01-20', 'beat', 8, 7, NULL);
insert into lesson (lesson_id, time_slot, lesson_date, room, instructor_id, price_id, instrument_id) values (204, '18:00', '2023-01-20', 'snake', 8, 7, NULL);
insert into lesson (lesson_id, time_slot, lesson_date, room, instructor_id, price_id, instrument_id) values (205, '19:00', '2023-01-20', 'snake', 1, 7, NULL);
insert into lesson (lesson_id, time_slot, lesson_date, room, instructor_id, price_id, instrument_id) values (206, '20:00', '2023-01-20', 'beat', 1, 7, NULL);
insert into lesson (lesson_id, time_slot, lesson_date, room, instructor_id, price_id, instrument_id) values (207, '21:00', '2023-01-20', 'beat', 1, 7, NULL);
insert into lesson (lesson_id, time_slot, lesson_date, room, instructor_id, price_id, instrument_id) values (208, '17:00', '2023-01-27', 'snake', 3, 7, NULL);
insert into lesson (lesson_id, time_slot, lesson_date, room, instructor_id, price_id, instrument_id) values (209, '18:00', '2023-01-27', 'snake', 8, 7, NULL);
insert into lesson (lesson_id, time_slot, lesson_date, room, instructor_id, price_id, instrument_id) values (210, '19:00', '2023-01-27', 'snake', 1, 7, NULL);
insert into lesson (lesson_id, time_slot, lesson_date, room, instructor_id, price_id, instrument_id) values (211, '20:00', '2023-01-27', 'box', 1, 7, NULL);
insert into lesson (lesson_id, time_slot, lesson_date, room, instructor_id, price_id, instrument_id) values (212, '21:00', '2023-01-27', 'box', 1, 7, NULL);
insert into lesson (lesson_id, time_slot, lesson_date, room, instructor_id, price_id, instrument_id) values (213, '17:00', '2023-02-03', 'snake', 8, 7, NULL);
insert into lesson (lesson_id, time_slot, lesson_date, room, instructor_id, price_id, instrument_id) values (214, '18:00', '2023-02-03', 'box', 3, 7, NULL);
insert into lesson (lesson_id, time_slot, lesson_date, room, instructor_id, price_id, instrument_id) values (215, '19:00', '2023-02-03', 'snake', 1, 7, NULL);
insert into lesson (lesson_id, time_slot, lesson_date, room, instructor_id, price_id, instrument_id) values (216, '20:00', '2023-02-03', 'snake', 1, 7, NULL);
insert into lesson (lesson_id, time_slot, lesson_date, room, instructor_id, price_id, instrument_id) values (217, '21:00', '2023-02-03', 'box', 1, 7, NULL);
insert into lesson (lesson_id, time_slot, lesson_date, room, instructor_id, price_id, instrument_id) values (218, '17:00', '2023-02-10', 'box', 8, 7, NULL);
insert into lesson (lesson_id, time_slot, lesson_date, room, instructor_id, price_id, instrument_id) values (219, '18:00', '2023-02-10', 'box', 8, 7, NULL);
insert into lesson (lesson_id, time_slot, lesson_date, room, instructor_id, price_id, instrument_id) values (220, '19:00', '2023-02-10', 'box', 1, 7, NULL);
insert into lesson (lesson_id, time_slot, lesson_date, room, instructor_id, price_id, instrument_id) values (221, '20:00', '2023-02-10', 'snake', 1, 7, NULL);
insert into lesson (lesson_id, time_slot, lesson_date, room, instructor_id, price_id, instrument_id) values (222, '21:00', '2023-02-10', 'beat', 1, 7, NULL);
insert into lesson (lesson_id, time_slot, lesson_date, room, instructor_id, price_id, instrument_id) values (223, '17:00', '2023-02-17', 'snake', 3, 7, NULL);
insert into lesson (lesson_id, time_slot, lesson_date, room, instructor_id, price_id, instrument_id) values (224, '18:00', '2023-02-17', 'snake', 8, 7, NULL);
insert into lesson (lesson_id, time_slot, lesson_date, room, instructor_id, price_id, instrument_id) values (225, '19:00', '2023-02-17', 'snake', 1, 7, NULL);
insert into lesson (lesson_id, time_slot, lesson_date, room, instructor_id, price_id, instrument_id) values (226, '20:00', '2023-02-17', 'snake', 1, 7, NULL);
insert into lesson (lesson_id, time_slot, lesson_date, room, instructor_id, price_id, instrument_id) values (227, '21:00', '2023-02-17', 'beat', 1, 7, NULL);
insert into lesson (lesson_id, time_slot, lesson_date, room, instructor_id, price_id, instrument_id) values (228, '17:00', '2023-02-24', 'beat', 8, 7, NULL);
insert into lesson (lesson_id, time_slot, lesson_date, room, instructor_id, price_id, instrument_id) values (229, '18:00', '2023-02-24', 'box', 3, 7, NULL);
insert into lesson (lesson_id, time_slot, lesson_date, room, instructor_id, price_id, instrument_id) values (230, '19:00', '2023-02-24', 'snake', 1, 7, NULL);
insert into lesson (lesson_id, time_slot, lesson_date, room, instructor_id, price_id, instrument_id) values (231, '20:00', '2023-02-24', 'beat', 1, 7, NULL);
insert into lesson (lesson_id, time_slot, lesson_date, room, instructor_id, price_id, instrument_id) values (232, '21:00', '2023-02-24', 'box', 1, 7, NULL);

--individual lesson
insert into lesson (lesson_id, time_slot, lesson_date, room, instructor_id, price_id, instrument_id) values (233, '14:00', '2023-01-04', 'Beethoven', 5, 1, 1);
insert into lesson (lesson_id, time_slot, lesson_date, room, instructor_id, price_id, instrument_id) values (234, '15:00', '2023-01-04', 'Beethoven', 1, 1, 2);
insert into lesson (lesson_id, time_slot, lesson_date, room, instructor_id, price_id, instrument_id) values (235, '16:00', '2023-01-04', 'Beethoven', 4, 2, 3);
insert into lesson (lesson_id, time_slot, lesson_date, room, instructor_id, price_id, instrument_id) values (236, '17:00', '2023-01-04', 'Beethoven', 3, 3, 4);
insert into lesson (lesson_id, time_slot, lesson_date, room, instructor_id, price_id, instrument_id) values (237, '18:00', '2023-01-04', 'Beethoven', 7, 2, 5);
insert into lesson (lesson_id, time_slot, lesson_date, room, instructor_id, price_id, instrument_id) values (238, '19:00', '2023-01-04', 'Beethoven', 4, 3, 6);
insert into lesson (lesson_id, time_slot, lesson_date, room, instructor_id, price_id, instrument_id) values (239, '20:00', '2023-01-04', 'Beethoven', 7, 2, 7);
insert into lesson (lesson_id, time_slot, lesson_date, room, instructor_id, price_id, instrument_id) values (240, '21:00', '2023-01-04', 'Beethoven', 4, 3, 8);
insert into lesson (lesson_id, time_slot, lesson_date, room, instructor_id, price_id, instrument_id) values (297, '14:00', '2023-01-04', 'Rubinstein', 1, 1, 1);
insert into lesson (lesson_id, time_slot, lesson_date, room, instructor_id, price_id, instrument_id) values (298, '15:00', '2023-01-04', 'Rubinstein', 4, 3, 2);
insert into lesson (lesson_id, time_slot, lesson_date, room, instructor_id, price_id, instrument_id) values (299, '16:00', '2023-01-04', 'Rubinstein', 8, 1, 3);
insert into lesson (lesson_id, time_slot, lesson_date, room, instructor_id, price_id, instrument_id) values (300, '17:00', '2023-01-04', 'Rubinstein', 7, 1, 4);
insert into lesson (lesson_id, time_slot, lesson_date, room, instructor_id, price_id, instrument_id) values (301, '18:00', '2023-01-04', 'Rubinstein', 5, 3, 5);
insert into lesson (lesson_id, time_slot, lesson_date, room, instructor_id, price_id, instrument_id) values (302, '19:00', '2023-01-04', 'Rubinstein', 8, 2, 6);
insert into lesson (lesson_id, time_slot, lesson_date, room, instructor_id, price_id, instrument_id) values (303, '20:00', '2023-01-04', 'Rubinstein', 2, 2, 7);
insert into lesson (lesson_id, time_slot, lesson_date, room, instructor_id, price_id, instrument_id) values (304, '21:00', '2023-01-04', 'Rubinstein', 2, 1, 8);
insert into lesson (lesson_id, time_slot, lesson_date, room, instructor_id, price_id, instrument_id) values (241, '14:00', '2023-01-11', 'Beethoven', 7, 2, 1);
insert into lesson (lesson_id, time_slot, lesson_date, room, instructor_id, price_id, instrument_id) values (242, '15:00', '2023-01-11', 'Beethoven', 7, 3, 2);
insert into lesson (lesson_id, time_slot, lesson_date, room, instructor_id, price_id, instrument_id) values (243, '16:00', '2023-01-11', 'Beethoven', 8, 3, 3);
insert into lesson (lesson_id, time_slot, lesson_date, room, instructor_id, price_id, instrument_id) values (244, '17:00', '2023-01-11', 'Beethoven', 2, 1, 4);
insert into lesson (lesson_id, time_slot, lesson_date, room, instructor_id, price_id, instrument_id) values (245, '18:00', '2023-01-11', 'Beethoven', 5, 2, 5);
insert into lesson (lesson_id, time_slot, lesson_date, room, instructor_id, price_id, instrument_id) values (246, '19:00', '2023-01-11', 'Beethoven', 8, 2, 6);
insert into lesson (lesson_id, time_slot, lesson_date, room, instructor_id, price_id, instrument_id) values (247, '20:00', '2023-01-11', 'Beethoven', 7, 2, 7);
insert into lesson (lesson_id, time_slot, lesson_date, room, instructor_id, price_id, instrument_id) values (248, '21:00', '2023-01-11', 'Beethoven', 1, 1, 8);
insert into lesson (lesson_id, time_slot, lesson_date, room, instructor_id, price_id, instrument_id) values (305, '14:00', '2023-01-11', 'Rubinstein', 8, 3, 1);
insert into lesson (lesson_id, time_slot, lesson_date, room, instructor_id, price_id, instrument_id) values (306, '15:00', '2023-01-11', 'Rubinstein', 2, 2, 2);
insert into lesson (lesson_id, time_slot, lesson_date, room, instructor_id, price_id, instrument_id) values (307, '16:00', '2023-01-11', 'Rubinstein', 4, 3, 3);
insert into lesson (lesson_id, time_slot, lesson_date, room, instructor_id, price_id, instrument_id) values (308, '17:00', '2023-01-11', 'Rubinstein', 3, 2, 4);
insert into lesson (lesson_id, time_slot, lesson_date, room, instructor_id, price_id, instrument_id) values (309, '18:00', '2023-01-11', 'Rubinstein', 3, 3, 5);
insert into lesson (lesson_id, time_slot, lesson_date, room, instructor_id, price_id, instrument_id) values (310, '19:00', '2023-01-11', 'Rubinstein', 4, 3, 6);
insert into lesson (lesson_id, time_slot, lesson_date, room, instructor_id, price_id, instrument_id) values (311, '20:00', '2023-01-11', 'Rubinstein', 1, 2, 7);
insert into lesson (lesson_id, time_slot, lesson_date, room, instructor_id, price_id, instrument_id) values (312, '21:00', '2023-01-11', 'Rubinstein', 8, 3, 8);
insert into lesson (lesson_id, time_slot, lesson_date, room, instructor_id, price_id, instrument_id) values (249, '14:00', '2023-01-18', 'Beethoven', 3, 3, 1);
insert into lesson (lesson_id, time_slot, lesson_date, room, instructor_id, price_id, instrument_id) values (250, '15:00', '2023-01-18', 'Beethoven', 6, 2, 2);
insert into lesson (lesson_id, time_slot, lesson_date, room, instructor_id, price_id, instrument_id) values (251, '16:00', '2023-01-18', 'Beethoven', 4, 1, 3);
insert into lesson (lesson_id, time_slot, lesson_date, room, instructor_id, price_id, instrument_id) values (252, '17:00', '2023-01-18', 'Beethoven', 8, 1, 4);
insert into lesson (lesson_id, time_slot, lesson_date, room, instructor_id, price_id, instrument_id) values (253, '18:00', '2023-01-18', 'Beethoven', 3, 3, 5);
insert into lesson (lesson_id, time_slot, lesson_date, room, instructor_id, price_id, instrument_id) values (254, '19:00', '2023-01-18', 'Beethoven', 2, 1, 6);
insert into lesson (lesson_id, time_slot, lesson_date, room, instructor_id, price_id, instrument_id) values (255, '20:00', '2023-01-18', 'Beethoven', 1, 2, 7);
insert into lesson (lesson_id, time_slot, lesson_date, room, instructor_id, price_id, instrument_id) values (256, '21:00', '2023-01-18', 'Beethoven', 2, 2, 8);
insert into lesson (lesson_id, time_slot, lesson_date, room, instructor_id, price_id, instrument_id) values (313, '14:00', '2023-01-18', 'Rubinstein', 4, 2, 1);
insert into lesson (lesson_id, time_slot, lesson_date, room, instructor_id, price_id, instrument_id) values (314, '15:00', '2023-01-18', 'Rubinstein', 7, 2, 2);
insert into lesson (lesson_id, time_slot, lesson_date, room, instructor_id, price_id, instrument_id) values (315, '16:00', '2023-01-18', 'Rubinstein', 5, 2, 3);
insert into lesson (lesson_id, time_slot, lesson_date, room, instructor_id, price_id, instrument_id) values (316, '17:00', '2023-01-18', 'Rubinstein', 1, 2, 4);
insert into lesson (lesson_id, time_slot, lesson_date, room, instructor_id, price_id, instrument_id) values (317, '18:00', '2023-01-18', 'Rubinstein', 5, 3, 5);
insert into lesson (lesson_id, time_slot, lesson_date, room, instructor_id, price_id, instrument_id) values (318, '19:00', '2023-01-18', 'Rubinstein', 1, 3, 6);
insert into lesson (lesson_id, time_slot, lesson_date, room, instructor_id, price_id, instrument_id) values (319, '20:00', '2023-01-18', 'Rubinstein', 8, 2, 7);
insert into lesson (lesson_id, time_slot, lesson_date, room, instructor_id, price_id, instrument_id) values (320, '21:00', '2023-01-18', 'Rubinstein', 8, 3, 8);
insert into lesson (lesson_id, time_slot, lesson_date, room, instructor_id, price_id, instrument_id) values (257, '14:00', '2023-01-25', 'Beethoven', 3, 2, 1);
insert into lesson (lesson_id, time_slot, lesson_date, room, instructor_id, price_id, instrument_id) values (258, '15:00', '2023-01-25', 'Beethoven', 4, 3, 2);
insert into lesson (lesson_id, time_slot, lesson_date, room, instructor_id, price_id, instrument_id) values (259, '16:00', '2023-01-25', 'Beethoven', 1, 2, 3);
insert into lesson (lesson_id, time_slot, lesson_date, room, instructor_id, price_id, instrument_id) values (260, '17:00', '2023-01-25', 'Beethoven', 1, 3, 4);
insert into lesson (lesson_id, time_slot, lesson_date, room, instructor_id, price_id, instrument_id) values (261, '18:00', '2023-01-25', 'Beethoven', 7, 1, 5);
insert into lesson (lesson_id, time_slot, lesson_date, room, instructor_id, price_id, instrument_id) values (262, '19:00', '2023-01-25', 'Beethoven', 1, 2, 6);
insert into lesson (lesson_id, time_slot, lesson_date, room, instructor_id, price_id, instrument_id) values (263, '20:00', '2023-01-25', 'Beethoven', 1, 1, 7);
insert into lesson (lesson_id, time_slot, lesson_date, room, instructor_id, price_id, instrument_id) values (264, '21:00', '2023-01-25', 'Beethoven', 1, 1, 8);
insert into lesson (lesson_id, time_slot, lesson_date, room, instructor_id, price_id, instrument_id) values (321, '14:00', '2023-01-25', 'Rubinstein', 4, 3, 1);
insert into lesson (lesson_id, time_slot, lesson_date, room, instructor_id, price_id, instrument_id) values (322, '15:00', '2023-01-25', 'Rubinstein', 2, 1, 2);
insert into lesson (lesson_id, time_slot, lesson_date, room, instructor_id, price_id, instrument_id) values (323, '16:00', '2023-01-25', 'Rubinstein', 8, 2, 3);
insert into lesson (lesson_id, time_slot, lesson_date, room, instructor_id, price_id, instrument_id) values (324, '17:00', '2023-01-25', 'Rubinstein', 2, 2, 4);
insert into lesson (lesson_id, time_slot, lesson_date, room, instructor_id, price_id, instrument_id) values (325, '18:00', '2023-01-25', 'Rubinstein', 3, 3, 5);
insert into lesson (lesson_id, time_slot, lesson_date, room, instructor_id, price_id, instrument_id) values (326, '19:00', '2023-01-25', 'Rubinstein', 4, 1, 6);
insert into lesson (lesson_id, time_slot, lesson_date, room, instructor_id, price_id, instrument_id) values (327, '20:00', '2023-01-25', 'Rubinstein', 7, 2, 7);
insert into lesson (lesson_id, time_slot, lesson_date, room, instructor_id, price_id, instrument_id) values (328, '21:00', '2023-01-25', 'Rubinstein', 8, 3, 8);
insert into lesson (lesson_id, time_slot, lesson_date, room, instructor_id, price_id, instrument_id) values (265, '14:00', '2023-02-01', 'Beethoven', 5, 3, 1);
insert into lesson (lesson_id, time_slot, lesson_date, room, instructor_id, price_id, instrument_id) values (266, '15:00', '2023-02-01', 'Beethoven', 6, 3, 2);
insert into lesson (lesson_id, time_slot, lesson_date, room, instructor_id, price_id, instrument_id) values (267, '16:00', '2023-02-01', 'Beethoven', 1, 1, 3);
insert into lesson (lesson_id, time_slot, lesson_date, room, instructor_id, price_id, instrument_id) values (268, '17:00', '2023-02-01', 'Beethoven', 2, 2, 4);
insert into lesson (lesson_id, time_slot, lesson_date, room, instructor_id, price_id, instrument_id) values (269, '18:00', '2023-02-01', 'Beethoven', 1, 3, 5);
insert into lesson (lesson_id, time_slot, lesson_date, room, instructor_id, price_id, instrument_id) values (270, '19:00', '2023-02-01', 'Beethoven', 4, 1, 6);
insert into lesson (lesson_id, time_slot, lesson_date, room, instructor_id, price_id, instrument_id) values (271, '20:00', '2023-02-01', 'Beethoven', 6, 3, 7);
insert into lesson (lesson_id, time_slot, lesson_date, room, instructor_id, price_id, instrument_id) values (272, '21:00', '2023-02-01', 'Beethoven', 1, 2, 8);
insert into lesson (lesson_id, time_slot, lesson_date, room, instructor_id, price_id, instrument_id) values (329, '14:00', '2023-02-01', 'Rubinstein', 1, 3, 1);
insert into lesson (lesson_id, time_slot, lesson_date, room, instructor_id, price_id, instrument_id) values (330, '15:00', '2023-02-01', 'Rubinstein', 5, 3, 2);
insert into lesson (lesson_id, time_slot, lesson_date, room, instructor_id, price_id, instrument_id) values (331, '16:00', '2023-02-01', 'Rubinstein', 5, 1, 3);
insert into lesson (lesson_id, time_slot, lesson_date, room, instructor_id, price_id, instrument_id) values (332, '17:00', '2023-02-01', 'Rubinstein', 1, 3, 4);
insert into lesson (lesson_id, time_slot, lesson_date, room, instructor_id, price_id, instrument_id) values (333, '18:00', '2023-02-01', 'Rubinstein', 3, 1, 5);
insert into lesson (lesson_id, time_slot, lesson_date, room, instructor_id, price_id, instrument_id) values (334, '19:00', '2023-02-01', 'Rubinstein', 1, 3, 6);
insert into lesson (lesson_id, time_slot, lesson_date, room, instructor_id, price_id, instrument_id) values (335, '20:00', '2023-02-01', 'Rubinstein', 7, 3, 7);
insert into lesson (lesson_id, time_slot, lesson_date, room, instructor_id, price_id, instrument_id) values (336, '21:00', '2023-02-01', 'Rubinstein', 8, 1, 8);
insert into lesson (lesson_id, time_slot, lesson_date, room, instructor_id, price_id, instrument_id) values (273, '14:00', '2023-02-08', 'Beethoven', 2, 3, 1);
insert into lesson (lesson_id, time_slot, lesson_date, room, instructor_id, price_id, instrument_id) values (274, '15:00', '2023-02-08', 'Beethoven', 1, 2, 2);
insert into lesson (lesson_id, time_slot, lesson_date, room, instructor_id, price_id, instrument_id) values (275, '16:00', '2023-02-08', 'Beethoven', 8, 1, 3);
insert into lesson (lesson_id, time_slot, lesson_date, room, instructor_id, price_id, instrument_id) values (276, '17:00', '2023-02-08', 'Beethoven', 8, 1, 4);
insert into lesson (lesson_id, time_slot, lesson_date, room, instructor_id, price_id, instrument_id) values (277, '18:00', '2023-02-08', 'Beethoven', 1, 2, 5);
insert into lesson (lesson_id, time_slot, lesson_date, room, instructor_id, price_id, instrument_id) values (278, '19:00', '2023-02-08', 'Beethoven', 2, 3, 6);
insert into lesson (lesson_id, time_slot, lesson_date, room, instructor_id, price_id, instrument_id) values (279, '20:00', '2023-02-08', 'Beethoven', 8, 3, 7);
insert into lesson (lesson_id, time_slot, lesson_date, room, instructor_id, price_id, instrument_id) values (280, '21:00', '2023-02-08', 'Beethoven', 1, 2, 8);
insert into lesson (lesson_id, time_slot, lesson_date, room, instructor_id, price_id, instrument_id) values (337, '14:00', '2023-02-08', 'Rubinstein', 1, 3, 1);
insert into lesson (lesson_id, time_slot, lesson_date, room, instructor_id, price_id, instrument_id) values (338, '15:00', '2023-02-08', 'Rubinstein', 7, 3, 2);
insert into lesson (lesson_id, time_slot, lesson_date, room, instructor_id, price_id, instrument_id) values (339, '16:00', '2023-02-08', 'Rubinstein', 5, 1, 3);
insert into lesson (lesson_id, time_slot, lesson_date, room, instructor_id, price_id, instrument_id) values (340, '17:00', '2023-02-08', 'Rubinstein', 2, 1, 4);
insert into lesson (lesson_id, time_slot, lesson_date, room, instructor_id, price_id, instrument_id) values (341, '18:00', '2023-02-08', 'Rubinstein', 3, 1, 5);
insert into lesson (lesson_id, time_slot, lesson_date, room, instructor_id, price_id, instrument_id) values (342, '19:00', '2023-02-08', 'Rubinstein', 1, 1, 6);
insert into lesson (lesson_id, time_slot, lesson_date, room, instructor_id, price_id, instrument_id) values (343, '20:00', '2023-02-08', 'Rubinstein', 7, 1, 7);
insert into lesson (lesson_id, time_slot, lesson_date, room, instructor_id, price_id, instrument_id) values (344, '21:00', '2023-02-08', 'Rubinstein', 8, 2, 8);
insert into lesson (lesson_id, time_slot, lesson_date, room, instructor_id, price_id, instrument_id) values (281, '14:00', '2023-02-15', 'Beethoven', 2, 2, 1);
insert into lesson (lesson_id, time_slot, lesson_date, room, instructor_id, price_id, instrument_id) values (282, '15:00', '2023-02-15', 'Beethoven', 4, 3, 2);
insert into lesson (lesson_id, time_slot, lesson_date, room, instructor_id, price_id, instrument_id) values (283, '16:00', '2023-02-15', 'Beethoven', 4, 1, 3);
insert into lesson (lesson_id, time_slot, lesson_date, room, instructor_id, price_id, instrument_id) values (284, '17:00', '2023-02-15', 'Beethoven', 1, 3, 4);
insert into lesson (lesson_id, time_slot, lesson_date, room, instructor_id, price_id, instrument_id) values (285, '18:00', '2023-02-15', 'Beethoven', 5, 1, 5);
insert into lesson (lesson_id, time_slot, lesson_date, room, instructor_id, price_id, instrument_id) values (286, '19:00', '2023-02-15', 'Beethoven', 1, 1, 6);
insert into lesson (lesson_id, time_slot, lesson_date, room, instructor_id, price_id, instrument_id) values (287, '20:00', '2023-02-15', 'Beethoven', 8, 2, 7);
insert into lesson (lesson_id, time_slot, lesson_date, room, instructor_id, price_id, instrument_id) values (288, '21:00', '2023-02-15', 'Beethoven', 1, 1, 8);
insert into lesson (lesson_id, time_slot, lesson_date, room, instructor_id, price_id, instrument_id) values (345, '14:00', '2023-02-15', 'Rubinstein', 8, 1, 1);
insert into lesson (lesson_id, time_slot, lesson_date, room, instructor_id, price_id, instrument_id) values (346, '15:00', '2023-02-15', 'Rubinstein', 1, 1, 2);
insert into lesson (lesson_id, time_slot, lesson_date, room, instructor_id, price_id, instrument_id) values (347, '16:00', '2023-02-15', 'Rubinstein', 8, 1, 3);
insert into lesson (lesson_id, time_slot, lesson_date, room, instructor_id, price_id, instrument_id) values (348, '17:00', '2023-02-15', 'Rubinstein', 7, 1, 4);
insert into lesson (lesson_id, time_slot, lesson_date, room, instructor_id, price_id, instrument_id) values (349, '18:00', '2023-02-15', 'Rubinstein', 3, 1, 5);
insert into lesson (lesson_id, time_slot, lesson_date, room, instructor_id, price_id, instrument_id) values (350, '19:00', '2023-02-15', 'Rubinstein', 8, 2, 6);
insert into lesson (lesson_id, time_slot, lesson_date, room, instructor_id, price_id, instrument_id) values (351, '20:00', '2023-02-15', 'Rubinstein', 6, 1, 7);
insert into lesson (lesson_id, time_slot, lesson_date, room, instructor_id, price_id, instrument_id) values (352, '21:00', '2023-02-15', 'Rubinstein', 2, 3, 8);
insert into lesson (lesson_id, time_slot, lesson_date, room, instructor_id, price_id, instrument_id) values (289, '14:00', '2023-02-22', 'Beethoven', 1, 3, 1);
insert into lesson (lesson_id, time_slot, lesson_date, room, instructor_id, price_id, instrument_id) values (290, '15:00', '2023-02-22', 'Beethoven', 6, 2, 2);
insert into lesson (lesson_id, time_slot, lesson_date, room, instructor_id, price_id, instrument_id) values (291, '16:00', '2023-02-22', 'Beethoven', 5, 3, 3);
insert into lesson (lesson_id, time_slot, lesson_date, room, instructor_id, price_id, instrument_id) values (292, '17:00', '2023-02-22', 'Beethoven', 1, 3, 4);
insert into lesson (lesson_id, time_slot, lesson_date, room, instructor_id, price_id, instrument_id) values (293, '18:00', '2023-02-22', 'Beethoven', 5, 3, 5);
insert into lesson (lesson_id, time_slot, lesson_date, room, instructor_id, price_id, instrument_id) values (294, '19:00', '2023-02-22', 'Beethoven', 1, 3, 6);
insert into lesson (lesson_id, time_slot, lesson_date, room, instructor_id, price_id, instrument_id) values (295, '20:00', '2023-02-22', 'Beethoven', 2, 2, 7);
insert into lesson (lesson_id, time_slot, lesson_date, room, instructor_id, price_id, instrument_id) values (296, '21:00', '2023-02-22', 'Beethoven', 5, 1, 8);
insert into lesson (lesson_id, time_slot, lesson_date, room, instructor_id, price_id, instrument_id) values (353, '14:00', '2023-02-22', 'Rubinstein', 8, 2, 1);
insert into lesson (lesson_id, time_slot, lesson_date, room, instructor_id, price_id, instrument_id) values (354, '15:00', '2023-02-22', 'Rubinstein', 2, 2, 2);
insert into lesson (lesson_id, time_slot, lesson_date, room, instructor_id, price_id, instrument_id) values (355, '16:00', '2023-02-22', 'Rubinstein', 8, 3, 3);
insert into lesson (lesson_id, time_slot, lesson_date, room, instructor_id, price_id, instrument_id) values (356, '17:00', '2023-02-22', 'Rubinstein', 2, 1, 4);
insert into lesson (lesson_id, time_slot, lesson_date, room, instructor_id, price_id, instrument_id) values (357, '18:00', '2023-02-22', 'Rubinstein', 7, 2, 5);
insert into lesson (lesson_id, time_slot, lesson_date, room, instructor_id, price_id, instrument_id) values (358, '19:00', '2023-02-22', 'Rubinstein', 4, 2, 6);
insert into lesson (lesson_id, time_slot, lesson_date, room, instructor_id, price_id, instrument_id) values (359, '20:00', '2023-02-22', 'Rubinstein', 6, 1, 7);
insert into lesson (lesson_id, time_slot, lesson_date, room, instructor_id, price_id, instrument_id) values (360, '21:00', '2023-02-22', 'Rubinstein', 5, 3, 8);

-- group_lesson check how many students are booked for each lesson in program.

insert into group_lesson (lesson_id, min_students, max_students) values (1, 2, 6);
insert into group_lesson (lesson_id, min_students, max_students) values (2, 2, 6);
insert into group_lesson (lesson_id, min_students, max_students) values (3, 2, 6);
insert into group_lesson (lesson_id, min_students, max_students) values (4, 2, 6);
insert into group_lesson (lesson_id, min_students, max_students) values (5, 2, 6);
insert into group_lesson (lesson_id, min_students, max_students) values (6, 2, 6);
insert into group_lesson (lesson_id, min_students, max_students) values (7, 2, 6);
insert into group_lesson (lesson_id, min_students, max_students) values (8, 2, 6);
insert into group_lesson (lesson_id, min_students, max_students) values (9, 2, 6);
insert into group_lesson (lesson_id, min_students, max_students) values (10, 2, 6);
insert into group_lesson (lesson_id, min_students, max_students) values (11, 2, 6);
insert into group_lesson (lesson_id, min_students, max_students) values (12, 2, 6);
insert into group_lesson (lesson_id, min_students, max_students) values (13, 2, 6);
insert into group_lesson (lesson_id, min_students, max_students) values (14, 2, 6);
insert into group_lesson (lesson_id, min_students, max_students) values (15, 2, 6);
insert into group_lesson (lesson_id, min_students, max_students) values (16, 2, 6);
insert into group_lesson (lesson_id, min_students, max_students) values (17, 2, 6);
insert into group_lesson (lesson_id, min_students, max_students) values (18, 2, 6);
insert into group_lesson (lesson_id, min_students, max_students) values (19, 2, 6);
insert into group_lesson (lesson_id, min_students, max_students) values (20, 2, 6);
insert into group_lesson (lesson_id, min_students, max_students) values (21, 2, 6);
insert into group_lesson (lesson_id, min_students, max_students) values (22, 2, 6);
insert into group_lesson (lesson_id, min_students, max_students) values (23, 2, 6);
insert into group_lesson (lesson_id, min_students, max_students) values (24, 2, 6);
insert into group_lesson (lesson_id, min_students, max_students) values (25, 2, 6);
insert into group_lesson (lesson_id, min_students, max_students) values (26, 2, 6);
insert into group_lesson (lesson_id, min_students, max_students) values (27, 2, 6);
insert into group_lesson (lesson_id, min_students, max_students) values (28, 2, 6);
insert into group_lesson (lesson_id, min_students, max_students) values (29, 2, 6);
insert into group_lesson (lesson_id, min_students, max_students) values (30, 2, 6);
insert into group_lesson (lesson_id, min_students, max_students) values (31, 2, 6);
insert into group_lesson (lesson_id, min_students, max_students) values (32, 2, 6);
insert into group_lesson (lesson_id, min_students, max_students) values (33, 2, 6);
insert into group_lesson (lesson_id, min_students, max_students) values (34, 2, 6);
insert into group_lesson (lesson_id, min_students, max_students) values (35, 2, 6);
insert into group_lesson (lesson_id, min_students, max_students) values (36, 2, 6);
insert into group_lesson (lesson_id, min_students, max_students) values (37, 2, 6);
insert into group_lesson (lesson_id, min_students, max_students) values (38, 2, 6);
insert into group_lesson (lesson_id, min_students, max_students) values (39, 2, 6);
insert into group_lesson (lesson_id, min_students, max_students) values (40, 2, 6);
insert into group_lesson (lesson_id, min_students, max_students) values (41, 2, 6);
insert into group_lesson (lesson_id, min_students, max_students) values (42, 2, 6);
insert into group_lesson (lesson_id, min_students, max_students) values (43, 2, 6);
insert into group_lesson (lesson_id, min_students, max_students) values (44, 2, 6);
insert into group_lesson (lesson_id, min_students, max_students) values (45, 2, 6);
insert into group_lesson (lesson_id, min_students, max_students) values (46, 2, 6);
insert into group_lesson (lesson_id, min_students, max_students) values (47, 2, 6);
insert into group_lesson (lesson_id, min_students, max_students) values (48, 2, 6);
insert into group_lesson (lesson_id, min_students, max_students) values (49, 2, 6);
insert into group_lesson (lesson_id, min_students, max_students) values (50, 2, 6);
insert into group_lesson (lesson_id, min_students, max_students) values (51, 2, 6);
insert into group_lesson (lesson_id, min_students, max_students) values (52, 2, 6);
insert into group_lesson (lesson_id, min_students, max_students) values (53, 2, 6);
insert into group_lesson (lesson_id, min_students, max_students) values (54, 2, 6);
insert into group_lesson (lesson_id, min_students, max_students) values (55, 2, 6);
insert into group_lesson (lesson_id, min_students, max_students) values (56, 2, 6);
insert into group_lesson (lesson_id, min_students, max_students) values (57, 2, 6);
insert into group_lesson (lesson_id, min_students, max_students) values (58, 2, 6);
insert into group_lesson (lesson_id, min_students, max_students) values (59, 2, 6);
insert into group_lesson (lesson_id, min_students, max_students) values (60, 2, 6);
insert into group_lesson (lesson_id, min_students, max_students) values (61, 2, 6);
insert into group_lesson (lesson_id, min_students, max_students) values (62, 2, 6);
insert into group_lesson (lesson_id, min_students, max_students) values (63, 2, 6);
insert into group_lesson (lesson_id, min_students, max_students) values (64, 2, 6);
insert into group_lesson (lesson_id, min_students, max_students) values (65, 2, 6);
insert into group_lesson (lesson_id, min_students, max_students) values (66, 2, 6);
insert into group_lesson (lesson_id, min_students, max_students) values (67, 2, 6);
insert into group_lesson (lesson_id, min_students, max_students) values (68, 2, 6);
insert into group_lesson (lesson_id, min_students, max_students) values (69, 2, 6);
insert into group_lesson (lesson_id, min_students, max_students) values (70, 2, 6);
insert into group_lesson (lesson_id, min_students, max_students) values (71, 2, 6);
insert into group_lesson (lesson_id, min_students, max_students) values (72, 2, 6);
insert into group_lesson (lesson_id, min_students, max_students) values (73, 2, 6);
insert into group_lesson (lesson_id, min_students, max_students) values (74, 2, 6);
insert into group_lesson (lesson_id, min_students, max_students) values (75, 2, 6);
insert into group_lesson (lesson_id, min_students, max_students) values (76, 2, 6);
insert into group_lesson (lesson_id, min_students, max_students) values (77, 2, 6);
insert into group_lesson (lesson_id, min_students, max_students) values (78, 2, 6);
insert into group_lesson (lesson_id, min_students, max_students) values (79, 2, 6);
insert into group_lesson (lesson_id, min_students, max_students) values (80, 2, 6);
insert into group_lesson (lesson_id, min_students, max_students) values (81, 2, 6);
insert into group_lesson (lesson_id, min_students, max_students) values (82, 2, 6);
insert into group_lesson (lesson_id, min_students, max_students) values (83, 2, 6);
insert into group_lesson (lesson_id, min_students, max_students) values (84, 2, 6);
insert into group_lesson (lesson_id, min_students, max_students) values (85, 2, 6);
insert into group_lesson (lesson_id, min_students, max_students) values (86, 2, 6);
insert into group_lesson (lesson_id, min_students, max_students) values (87, 2, 6);
insert into group_lesson (lesson_id, min_students, max_students) values (88, 2, 6);
insert into group_lesson (lesson_id, min_students, max_students) values (89, 2, 6);
insert into group_lesson (lesson_id, min_students, max_students) values (90, 2, 6);
insert into group_lesson (lesson_id, min_students, max_students) values (91, 2, 6);
insert into group_lesson (lesson_id, min_students, max_students) values (92, 2, 6);
insert into group_lesson (lesson_id, min_students, max_students) values (93, 2, 6);
insert into group_lesson (lesson_id, min_students, max_students) values (94, 2, 6);
insert into group_lesson (lesson_id, min_students, max_students) values (95, 2, 6);
insert into group_lesson (lesson_id, min_students, max_students) values (96, 2, 6);
insert into group_lesson (lesson_id, min_students, max_students) values (97, 2, 6);
insert into group_lesson (lesson_id, min_students, max_students) values (98, 2, 6);
insert into group_lesson (lesson_id, min_students, max_students) values (99, 2, 6);
insert into group_lesson (lesson_id, min_students, max_students) values (100, 2, 6);
insert into group_lesson (lesson_id, min_students, max_students) values (101, 2, 6);
insert into group_lesson (lesson_id, min_students, max_students) values (102, 2, 6);
insert into group_lesson (lesson_id, min_students, max_students) values (103, 2, 6);
insert into group_lesson (lesson_id, min_students, max_students) values (104, 2, 6);
insert into group_lesson (lesson_id, min_students, max_students) values (105, 2, 6);
insert into group_lesson (lesson_id, min_students, max_students) values (106, 2, 6);
insert into group_lesson (lesson_id, min_students, max_students) values (107, 2, 6);
insert into group_lesson (lesson_id, min_students, max_students) values (108, 2, 6);
insert into group_lesson (lesson_id, min_students, max_students) values (109, 2, 6);
insert into group_lesson (lesson_id, min_students, max_students) values (110, 2, 6);
insert into group_lesson (lesson_id, min_students, max_students) values (111, 2, 6);
insert into group_lesson (lesson_id, min_students, max_students) values (112, 2, 6);
insert into group_lesson (lesson_id, min_students, max_students) values (113, 2, 6);
insert into group_lesson (lesson_id, min_students, max_students) values (114, 2, 6);
insert into group_lesson (lesson_id, min_students, max_students) values (115, 2, 6);
insert into group_lesson (lesson_id, min_students, max_students) values (116, 2, 6);
insert into group_lesson (lesson_id, min_students, max_students) values (117, 2, 6);
insert into group_lesson (lesson_id, min_students, max_students) values (118, 2, 6);
insert into group_lesson (lesson_id, min_students, max_students) values (119, 2, 6);
insert into group_lesson (lesson_id, min_students, max_students) values (120, 2, 6);
insert into group_lesson (lesson_id, min_students, max_students) values (121, 2, 6);
insert into group_lesson (lesson_id, min_students, max_students) values (122, 2, 6);
insert into group_lesson (lesson_id, min_students, max_students) values (123, 2, 6);
insert into group_lesson (lesson_id, min_students, max_students) values (124, 2, 6);
insert into group_lesson (lesson_id, min_students, max_students) values (125, 2, 6);
insert into group_lesson (lesson_id, min_students, max_students) values (126, 2, 6);
insert into group_lesson (lesson_id, min_students, max_students) values (127, 2, 6);
insert into group_lesson (lesson_id, min_students, max_students) values (128, 2, 6);
insert into group_lesson (lesson_id, min_students, max_students) values (129, 2, 6);
insert into group_lesson (lesson_id, min_students, max_students) values (130, 2, 6);
insert into group_lesson (lesson_id, min_students, max_students) values (131, 2, 6);
insert into group_lesson (lesson_id, min_students, max_students) values (132, 2, 6);
insert into group_lesson (lesson_id, min_students, max_students) values (133, 2, 6);
insert into group_lesson (lesson_id, min_students, max_students) values (134, 2, 6);
insert into group_lesson (lesson_id, min_students, max_students) values (135, 2, 6);
insert into group_lesson (lesson_id, min_students, max_students) values (136, 2, 6);
insert into group_lesson (lesson_id, min_students, max_students) values (137, 2, 6);
insert into group_lesson (lesson_id, min_students, max_students) values (138, 2, 6);
insert into group_lesson (lesson_id, min_students, max_students) values (139, 2, 6);
insert into group_lesson (lesson_id, min_students, max_students) values (140, 2, 6);
insert into group_lesson (lesson_id, min_students, max_students) values (141, 2, 6);
insert into group_lesson (lesson_id, min_students, max_students) values (142, 2, 6);
insert into group_lesson (lesson_id, min_students, max_students) values (143, 2, 6);
insert into group_lesson (lesson_id, min_students, max_students) values (144, 2, 6);
insert into group_lesson (lesson_id, min_students, max_students) values (145, 2, 6);
insert into group_lesson (lesson_id, min_students, max_students) values (146, 2, 6);
insert into group_lesson (lesson_id, min_students, max_students) values (147, 2, 6);
insert into group_lesson (lesson_id, min_students, max_students) values (148, 2, 6);
insert into group_lesson (lesson_id, min_students, max_students) values (149, 2, 6);
insert into group_lesson (lesson_id, min_students, max_students) values (150, 2, 6);
insert into group_lesson (lesson_id, min_students, max_students) values (151, 2, 6);
insert into group_lesson (lesson_id, min_students, max_students) values (152, 2, 6);
insert into group_lesson (lesson_id, min_students, max_students) values (153, 2, 6);
insert into group_lesson (lesson_id, min_students, max_students) values (154, 2, 6);
insert into group_lesson (lesson_id, min_students, max_students) values (155, 2, 6);
insert into group_lesson (lesson_id, min_students, max_students) values (156, 2, 6);
insert into group_lesson (lesson_id, min_students, max_students) values (157, 2, 6);
insert into group_lesson (lesson_id, min_students, max_students) values (158, 2, 6);
insert into group_lesson (lesson_id, min_students, max_students) values (159, 2, 6);
insert into group_lesson (lesson_id, min_students, max_students) values (160, 2, 6);
insert into group_lesson (lesson_id, min_students, max_students) values (161, 2, 6);
insert into group_lesson (lesson_id, min_students, max_students) values (162, 2, 6);
insert into group_lesson (lesson_id, min_students, max_students) values (163, 2, 6);
insert into group_lesson (lesson_id, min_students, max_students) values (164, 2, 6);
insert into group_lesson (lesson_id, min_students, max_students) values (165, 2, 6);
insert into group_lesson (lesson_id, min_students, max_students) values (166, 2, 6);
insert into group_lesson (lesson_id, min_students, max_students) values (167, 2, 6);
insert into group_lesson (lesson_id, min_students, max_students) values (168, 2, 6);
insert into group_lesson (lesson_id, min_students, max_students) values (169, 2, 6);
insert into group_lesson (lesson_id, min_students, max_students) values (170, 2, 6);
insert into group_lesson (lesson_id, min_students, max_students) values (171, 2, 6);
insert into group_lesson (lesson_id, min_students, max_students) values (172, 2, 6);
insert into group_lesson (lesson_id, min_students, max_students) values (173, 2, 6);
insert into group_lesson (lesson_id, min_students, max_students) values (174, 2, 6);
insert into group_lesson (lesson_id, min_students, max_students) values (175, 2, 6);
insert into group_lesson (lesson_id, min_students, max_students) values (176, 2, 6);
insert into group_lesson (lesson_id, min_students, max_students) values (177, 2, 6);
insert into group_lesson (lesson_id, min_students, max_students) values (178, 2, 6);
insert into group_lesson (lesson_id, min_students, max_students) values (179, 2, 6);
insert into group_lesson (lesson_id, min_students, max_students) values (180, 2, 6);
insert into group_lesson (lesson_id, min_students, max_students) values (181, 2, 6);
insert into group_lesson (lesson_id, min_students, max_students) values (182, 2, 6);
insert into group_lesson (lesson_id, min_students, max_students) values (183, 2, 6);
insert into group_lesson (lesson_id, min_students, max_students) values (184, 2, 6);
insert into group_lesson (lesson_id, min_students, max_students) values (185, 2, 6);
insert into group_lesson (lesson_id, min_students, max_students) values (186, 2, 6);
insert into group_lesson (lesson_id, min_students, max_students) values (187, 2, 6);
insert into group_lesson (lesson_id, min_students, max_students) values (188, 2, 6);
insert into group_lesson (lesson_id, min_students, max_students) values (189, 2, 6);
insert into group_lesson (lesson_id, min_students, max_students) values (190, 2, 6);
insert into group_lesson (lesson_id, min_students, max_students) values (191, 2, 6);
insert into group_lesson (lesson_id, min_students, max_students) values (192, 2, 6);
insert into group_lesson (lesson_id, min_students, max_students) values (193, 2, 7);
insert into group_lesson (lesson_id, min_students, max_students) values (194, 2, 7);
insert into group_lesson (lesson_id, min_students, max_students) values (195, 2, 7);
insert into group_lesson (lesson_id, min_students, max_students) values (196, 2, 7);
insert into group_lesson (lesson_id, min_students, max_students) values (197, 2, 7);
insert into group_lesson (lesson_id, min_students, max_students) values (198, 2, 7);
insert into group_lesson (lesson_id, min_students, max_students) values (199, 2, 7);
insert into group_lesson (lesson_id, min_students, max_students) values (200, 2, 7);
insert into group_lesson (lesson_id, min_students, max_students) values (201, 2, 7);
insert into group_lesson (lesson_id, min_students, max_students) values (202, 2, 7);
insert into group_lesson (lesson_id, min_students, max_students) values (203, 2, 7);
insert into group_lesson (lesson_id, min_students, max_students) values (204, 2, 7);
insert into group_lesson (lesson_id, min_students, max_students) values (205, 2, 7);
insert into group_lesson (lesson_id, min_students, max_students) values (206, 2, 7);
insert into group_lesson (lesson_id, min_students, max_students) values (207, 2, 7);
insert into group_lesson (lesson_id, min_students, max_students) values (208, 2, 7);
insert into group_lesson (lesson_id, min_students, max_students) values (209, 2, 7);
insert into group_lesson (lesson_id, min_students, max_students) values (210, 2, 7);
insert into group_lesson (lesson_id, min_students, max_students) values (211, 2, 7);
insert into group_lesson (lesson_id, min_students, max_students) values (212, 2, 7);
insert into group_lesson (lesson_id, min_students, max_students) values (213, 2, 7);
insert into group_lesson (lesson_id, min_students, max_students) values (214, 2, 7);
insert into group_lesson (lesson_id, min_students, max_students) values (215, 2, 7);
insert into group_lesson (lesson_id, min_students, max_students) values (216, 2, 7);
insert into group_lesson (lesson_id, min_students, max_students) values (217, 2, 7);
insert into group_lesson (lesson_id, min_students, max_students) values (218, 2, 7);
insert into group_lesson (lesson_id, min_students, max_students) values (219, 2, 7);
insert into group_lesson (lesson_id, min_students, max_students) values (220, 2, 7);
insert into group_lesson (lesson_id, min_students, max_students) values (221, 2, 7);
insert into group_lesson (lesson_id, min_students, max_students) values (222, 2, 7);
insert into group_lesson (lesson_id, min_students, max_students) values (223, 2, 7);
insert into group_lesson (lesson_id, min_students, max_students) values (224, 2, 7);
insert into group_lesson (lesson_id, min_students, max_students) values (225, 2, 7);
insert into group_lesson (lesson_id, min_students, max_students) values (226, 2, 7);
insert into group_lesson (lesson_id, min_students, max_students) values (227, 2, 7);
insert into group_lesson (lesson_id, min_students, max_students) values (228, 2, 7);
insert into group_lesson (lesson_id, min_students, max_students) values (229, 2, 7);
insert into group_lesson (lesson_id, min_students, max_students) values (230, 2, 7);
insert into group_lesson (lesson_id, min_students, max_students) values (231, 2, 7);
insert into group_lesson (lesson_id, min_students, max_students) values (232, 2, 7);

-- ensamble
insert into ensamble (lesson_id, genre_id) values (193, 1);
insert into ensamble (lesson_id, genre_id) values (194, 2);
insert into ensamble (lesson_id, genre_id) values (195, 3);
insert into ensamble (lesson_id, genre_id) values (196, 4);
insert into ensamble (lesson_id, genre_id) values (197, 5);
insert into ensamble (lesson_id, genre_id) values (198, 1);
insert into ensamble (lesson_id, genre_id) values (199, 2);
insert into ensamble (lesson_id, genre_id) values (200, 3);
insert into ensamble (lesson_id, genre_id) values (201, 4);
insert into ensamble (lesson_id, genre_id) values (202, 5);
insert into ensamble (lesson_id, genre_id) values (203, 1);
insert into ensamble (lesson_id, genre_id) values (204, 2);
insert into ensamble (lesson_id, genre_id) values (205, 3);
insert into ensamble (lesson_id, genre_id) values (206, 4);
insert into ensamble (lesson_id, genre_id) values (207, 5);
insert into ensamble (lesson_id, genre_id) values (208, 1);
insert into ensamble (lesson_id, genre_id) values (209, 2);
insert into ensamble (lesson_id, genre_id) values (210, 3);
insert into ensamble (lesson_id, genre_id) values (211, 4);
insert into ensamble (lesson_id, genre_id) values (212, 5);
insert into ensamble (lesson_id, genre_id) values (213, 1);
insert into ensamble (lesson_id, genre_id) values (214, 2);
insert into ensamble (lesson_id, genre_id) values (215, 3);
insert into ensamble (lesson_id, genre_id) values (216, 4);
insert into ensamble (lesson_id, genre_id) values (217, 5);
insert into ensamble (lesson_id, genre_id) values (218, 1);
insert into ensamble (lesson_id, genre_id) values (219, 2);
insert into ensamble (lesson_id, genre_id) values (220, 3);
insert into ensamble (lesson_id, genre_id) values (221, 4);
insert into ensamble (lesson_id, genre_id) values (222, 5);
insert into ensamble (lesson_id, genre_id) values (223, 1);
insert into ensamble (lesson_id, genre_id) values (224, 2);
insert into ensamble (lesson_id, genre_id) values (225, 3);
insert into ensamble (lesson_id, genre_id) values (226, 4);
insert into ensamble (lesson_id, genre_id) values (227, 5);
insert into ensamble (lesson_id, genre_id) values (228, 1);
insert into ensamble (lesson_id, genre_id) values (229, 2);
insert into ensamble (lesson_id, genre_id) values (230, 3);
insert into ensamble (lesson_id, genre_id) values (231, 4);
insert into ensamble (lesson_id, genre_id) values (232, 5);


-- Students id 9 to 68

INSERT INTO person (person_id,person_number,first_name,last_name,email,street,zip,city) VALUES (9,'204647653367','Patrick','Rhodes','orci@icloud.couk','Ap #380-5758 Lorem Ave','17881','Boo');
INSERT INTO person (person_id,person_number,first_name,last_name,email,street,zip,city) VALUES (10,'204262697521','Gage','Manning','interdum.curabitur@hotmail.ca','924 Magna. Street','26875','Norrköping');
INSERT INTO person (person_id,person_number,first_name,last_name,email,street,zip,city) VALUES (11,'205563717733','Micah','Shelton','nulla@icloud.ca','Ap #706-3557 Auctor Rd.','69591','Bollnäs');
INSERT INTO person (person_id,person_number,first_name,last_name,email,street,zip,city) VALUES (12,'204582427731','Jordan','Dejesus','placerat.cras@protonmail.org','Ap #777-5779 Et Av.','16725','Avesta');
INSERT INTO person (person_id,person_number,first_name,last_name,email,street,zip,city) VALUES (13,'202843651650','Carolyn','Vargas','urna.vivamus.molestie@google.ca','265-2470 Aliquam Rd.','12381','Borlänge');
INSERT INTO person (person_id,person_number,first_name,last_name,email,street,zip,city) VALUES (14,'208114288318','Camden','Compton','auctor.vitae.aliquet@aol.edu','391-7160 Proin St.','65319','Bollnäs');
INSERT INTO person (person_id,person_number,first_name,last_name,email,street,zip,city) VALUES (15,'206758553520','Ryan','Curtis','nulla@hotmail.com','Ap #752-2895 Commodo Street','90382','Tumba');
INSERT INTO person (person_id,person_number,first_name,last_name,email,street,zip,city) VALUES (16,'200823786678','Merritt','Moss','gravida@protonmail.couk','670-5053 Auctor. St.','06858','Norrköping');
INSERT INTO person (person_id,person_number,first_name,last_name,email,street,zip,city) VALUES (17,'208124332638','Raya','Spence','convallis@protonmail.couk','666-5898 Pede. Av.','73549','Finspång');
INSERT INTO person (person_id,person_number,first_name,last_name,email,street,zip,city) VALUES (18,'202665512925','Axel','Cochran','id.risus@yahoo.edu','Ap #676-7836 Lorem Rd.','66806','Mjölby');
INSERT INTO person (person_id,person_number,first_name,last_name,email,street,zip,city) VALUES (19,'205971679433','Kirestin','Boyer','id@icloud.net','194-9447 Dictum Rd.','20349','Motala');
INSERT INTO person (person_id,person_number,first_name,last_name,email,street,zip,city) VALUES (20,'207207172872','Xenos','Ross','lobortis.nisi.nibh@yahoo.com','Ap #986-4875 Sit Avenue','45582','Ludvika');
INSERT INTO person (person_id,person_number,first_name,last_name,email,street,zip,city) VALUES (21,'205551873054','Joy','Hobbs','nec.malesuada@protonmail.org','Ap #158-4428 Aliquam Avenue','53687','Borlänge');
INSERT INTO person (person_id,person_number,first_name,last_name,email,street,zip,city) VALUES (22,'207215830131','Alfreda','Tran','sit.amet@yahoo.ca','137-3965 Sem, Ave','57375','Täby');
INSERT INTO person (person_id,person_number,first_name,last_name,email,street,zip,city) VALUES (23,'208668869164','Raymond','Schneider','nunc@protonmail.com','8745 Dictum Avenue','34475','Mora');
INSERT INTO person (person_id,person_number,first_name,last_name,email,street,zip,city) VALUES (24,'208167813865','Tanya','Olson','lobortis.class@yahoo.org','945-928 Mus. Rd.','93130','Hofors');
INSERT INTO person (person_id,person_number,first_name,last_name,email,street,zip,city) VALUES (25,'202845254876','Tucker','Walsh','dolor@protonmail.org','939-1081 Orci. Rd.','58105','Linköping');
INSERT INTO person (person_id,person_number,first_name,last_name,email,street,zip,city) VALUES (26,'207844438424','Kennan','Gallagher','erat.etiam@protonmail.ca','Ap #380-2484 Molestie Road','25302','Avesta');
INSERT INTO person (person_id,person_number,first_name,last_name,email,street,zip,city) VALUES (27,'207412839060','Ramona','Potts','purus.mauris@outlook.net','6948 Posuere Road','82330','Nässjö');
INSERT INTO person (person_id,person_number,first_name,last_name,email,street,zip,city) VALUES (28,'207179306496','Camille','Keller','nec.ante.blandit@yahoo.org','P.O. Box 197, 4990 Et, Rd.','32547','Skövde');
INSERT INTO person (person_id,person_number,first_name,last_name,email,street,zip,city) VALUES (29,'203735483683','Zane','Justice','ut.dolor@google.ca','P.O. Box 838, 5750 Fringilla, Rd.','28777','Jönköping');
INSERT INTO person (person_id,person_number,first_name,last_name,email,street,zip,city) VALUES (30,'207174380235','Chelsea','Santiago','eros@icloud.ca','239-9825 Vehicula Rd.','41318','Göteborg');
INSERT INTO person (person_id,person_number,first_name,last_name,email,street,zip,city) VALUES (31,'205248254454','Kelsey','Frederick','proin.velit.sed@protonmail.ca','Ap #678-3327 Blandit. St.','84511','Motala');
INSERT INTO person (person_id,person_number,first_name,last_name,email,street,zip,city) VALUES (32,'205874631445','Flynn','Wooten','rhoncus.id.mollis@yahoo.com','725-2034 Vitae, Rd.','68075','Vetlanda');
INSERT INTO person (person_id,person_number,first_name,last_name,email,street,zip,city) VALUES (33,'207946786356','Beatrice','Vasquez','at.risus.nunc@hotmail.couk','170-4858 Elit St.','43510','Sandviken');
INSERT INTO person (person_id,person_number,first_name,last_name,email,street,zip,city) VALUES (34,'206411512149','Leo','Hamilton','auctor@outlook.couk','P.O. Box 816, 2805 Gravida Rd.','44452','Gävle');
INSERT INTO person (person_id,person_number,first_name,last_name,email,street,zip,city) VALUES (35,'204710692958','Seth','Gallagher','ante.maecenas@google.couk','366-2113 Molestie St.','21285','Avesta');
INSERT INTO person (person_id,person_number,first_name,last_name,email,street,zip,city) VALUES (36,'205573975585','Stephanie','Reed','odio.nam@aol.com','P.O. Box 700, 9633 Ipsum. Rd.','81668','Motala');
INSERT INTO person (person_id,person_number,first_name,last_name,email,street,zip,city) VALUES (37,'207376848264','Ralph','Robinson','hymenaeos.mauris@icloud.ca','550-8104 Commodo Rd.','83563','Norrköping');
INSERT INTO person (person_id,person_number,first_name,last_name,email,street,zip,city) VALUES (38,'200313133221','Melissa','Freeman','amet@yahoo.couk','Ap #128-8687 Rutrum Road','32200','Motala');
INSERT INTO person (person_id,person_number,first_name,last_name,email,street,zip,city) VALUES (39,'204330824462','Rebecca','Bridges','nulla.donec@hotmail.ca','P.O. Box 824, 6140 Dictum Rd.','88001','Vänersborg');
INSERT INTO person (person_id,person_number,first_name,last_name,email,street,zip,city) VALUES (40,'208091073701','Bethany','Burgess','donec.vitae.erat@icloud.couk','265-9548 Sed Av.','62876','Mjölby');
INSERT INTO person (person_id,person_number,first_name,last_name,email,street,zip,city) VALUES (41,'206281078307','Patricia','Boyle','vulputate@icloud.net','P.O. Box 819, 9469 Fermentum Road','68775','Bollnäs');
INSERT INTO person (person_id,person_number,first_name,last_name,email,street,zip,city) VALUES (42,'203471968126','Hasad','Peters','ut.tincidunt@hotmail.net','4583 Felis. St.','40135','Åkersberga');
INSERT INTO person (person_id,person_number,first_name,last_name,email,street,zip,city) VALUES (43,'206719877570','Tiger','Humphrey','a@aol.com','Ap #143-6910 Vestibulum, Av.','62558','Finspång');
INSERT INTO person (person_id,person_number,first_name,last_name,email,street,zip,city) VALUES (44,'207366437213','Ivor','Nolan','lorem@google.ca','Ap #430-7523 Ullamcorper St.','78354','Norrköping');
INSERT INTO person (person_id,person_number,first_name,last_name,email,street,zip,city) VALUES (45,'204517718461','Stephen','Brock','inceptos.hymenaeos@google.edu','Ap #862-9189 Placerat St.','60432','Trollhättan');
INSERT INTO person (person_id,person_number,first_name,last_name,email,street,zip,city) VALUES (46,'205390848490','Dorian','Huber','auctor.ullamcorper@hotmail.com','549-5345 Mauris Avenue','64294','Ludvika');
INSERT INTO person (person_id,person_number,first_name,last_name,email,street,zip,city) VALUES (47,'206637197917','Kirby','Sutton','dictum.proin@yahoo.net','Ap #312-7068 Quam. Avenue','89072','Åkersberga');
INSERT INTO person (person_id,person_number,first_name,last_name,email,street,zip,city) VALUES (48,'206065623363','Olivia','Sherman','nam.nulla@google.couk','Ap #874-6754 Non, Rd.','05254','Söderhamn');
INSERT INTO person (person_id,person_number,first_name,last_name,email,street,zip,city) VALUES (49,'201036382403','Hector','Morton','et@outlook.edu','4460 Arcu Av.','18474','Åkersberga');
INSERT INTO person (person_id,person_number,first_name,last_name,email,street,zip,city) VALUES (50,'201016840414','Charissa','Levine','habitant.morbi@hotmail.com','Ap #889-4418 Eget St.','35068','Borlänge');
INSERT INTO person (person_id,person_number,first_name,last_name,email,street,zip,city) VALUES (51,'201082786864','Bruno','Ware','volutpat.nulla.facilisis@google.ca','Ap #255-3051 Enim. Ave','89174','Vetlanda');
INSERT INTO person (person_id,person_number,first_name,last_name,email,street,zip,city) VALUES (52,'201049608632','Nevada','Woods','nunc.mauris@aol.ca','554-8980 Orci Street','22416','Skövde');
INSERT INTO person (person_id,person_number,first_name,last_name,email,street,zip,city) VALUES (53,'201006285494','Lillith','Lane','velit.eu@hotmail.ca','666-7528 At, Ave','83474','Norrköping');
INSERT INTO person (person_id,person_number,first_name,last_name,email,street,zip,city) VALUES (54,'201052511382','Rahim','Mcfarland','velit.cras@aol.couk','Ap #357-3978 In Rd.','16667','Tranås');
INSERT INTO person (person_id,person_number,first_name,last_name,email,street,zip,city) VALUES (55,'201015262387','Quinlan','George','aptent.taciti.sociosqu@icloud.org','499-9952 Ullamcorper, Rd.','35899','Mjölby');
INSERT INTO person (person_id,person_number,first_name,last_name,email,street,zip,city) VALUES (56,'201038211628','Roth','Carver','nec.enim.nunc@google.edu','P.O. Box 154, 5261 Mauris Av.','10493','Tranås');
INSERT INTO person (person_id,person_number,first_name,last_name,email,street,zip,city) VALUES (57,'201076217887','Indigo','Barker','mauris.ut@aol.edu','704-3551 Gravida. St.','21227','Bollnäs');
INSERT INTO person (person_id,person_number,first_name,last_name,email,street,zip,city) VALUES (58,'201062407852','Ainsley','Golden','ultricies.ornare@google.com','6064 Amet Rd.','73684','Nässjö');
INSERT INTO person (person_id,person_number,first_name,last_name,email,street,zip,city) VALUES (59,'201056652461','Hope','Terry','quam.curabitur.vel@icloud.edu','891-2389 Sed Street','21067','Finspång');
INSERT INTO person (person_id,person_number,first_name,last_name,email,street,zip,city) VALUES (60,'201038182838','Martha','Horne','ac.metus@aol.ca','6865 Ipsum. St.','98714','Värnamo');
INSERT INTO person (person_id,person_number,first_name,last_name,email,street,zip,city) VALUES (61,'201026981241','Shelley','Foster','aliquam.rutrum.lorem@aol.net','710-5561 Aliquet. Ave','78449','Sandviken');
INSERT INTO person (person_id,person_number,first_name,last_name,email,street,zip,city) VALUES (62,'201048859381','Channing','Small','purus.mauris.a@aol.couk','P.O. Box 570, 6847 Nibh Ave','18352','Mora');
INSERT INTO person (person_id,person_number,first_name,last_name,email,street,zip,city) VALUES (63,'201019085210','Jessica','Ayers','mauris.ipsum@outlook.com','773-4947 Dictum. Street','01919','Skövde');
INSERT INTO person (person_id,person_number,first_name,last_name,email,street,zip,city) VALUES (64,'201037551887','Laith','Heath','vitae.dolor@google.edu','Ap #539-4711 Urna. Ave','71394','Trollhättan');
INSERT INTO person (person_id,person_number,first_name,last_name,email,street,zip,city) VALUES (65,'201054578751','Edward','Hayden','bibendum.fermentum.metus@icloud.org','Ap #723-7147 Arcu Rd.','65558','Södertälje');
INSERT INTO person (person_id,person_number,first_name,last_name,email,street,zip,city) VALUES (66,'201096183050','Branden','Ray','mi.lorem@google.ca','P.O. Box 950, 2794 Sed Rd.','41288','Ockelbo');
INSERT INTO person (person_id,person_number,first_name,last_name,email,street,zip,city) VALUES (67,'201037769643','Donovan','Bird','eget.ipsum@google.edu','P.O. Box 249, 6330 Sollicitudin Rd.','42725','Bollnäs');
INSERT INTO person (person_id,person_number,first_name,last_name,email,street,zip,city) VALUES (68,'201085095706','Harper','Hahn','nullam.enim.sed@hotmail.ca','448-5695 Et St.','64152','Täby');


--student and
-- student_siblings
insert into student (student_id, person_id, enrolled) values (1, 9, 'true');
insert into student (student_id, person_id, enrolled) values (2, 10, 'true');
insert into student (student_id, person_id, enrolled) values (3, 11, 'true');
insert into student (student_id, person_id, enrolled) values (4, 12, 'true');
insert into student (student_id, person_id, enrolled) values (5, 13, 'true');
insert into student (student_id, person_id, enrolled) values (6, 14, 'true');
insert into student (student_id, person_id, enrolled) values (7, 15, 'true');
insert into student (student_id, person_id, enrolled) values (8, 16, 'true');
insert into student (student_id, person_id, enrolled) values (9, 17, 'true');
insert into sibling values (101, 1), (102,9);
insert into student_siblings values (101,9), (102,1);
insert into student (student_id, person_id, enrolled) values (10, 18, 'true');
insert into student (student_id, person_id, enrolled) values (11, 19, 'true');
insert into sibling values (103, 2), (104,11);
insert into student_siblings values (103,11), (104,2);
insert into student (student_id, person_id, enrolled) values (12, 20, 'true');
insert into student (student_id, person_id, enrolled) values (13, 21, 'true');
insert into sibling values (105, 4), (106,13);
insert into student_siblings values (105,13), (106,4);
insert into student (student_id, person_id, enrolled) values (14, 22, 'true');
insert into student (student_id, person_id, enrolled) values (15, 23, 'true');
insert into sibling values (107, 3), (108,15);
insert into student_siblings values (107,15), (108,3);
insert into student (student_id, person_id, enrolled) values (16, 24, 'true');
insert into student (student_id, person_id, enrolled) values (17, 25, 'true');
insert into student (student_id, person_id, enrolled) values (18, 26, 'true');
insert into sibling values (109, 5), (110,18);
insert into student_siblings values (109,18), (110,5);
insert into student (student_id, person_id, enrolled) values (19, 27, 'true');
insert into student (student_id, person_id, enrolled) values (20, 28, 'true');
insert into student (student_id, person_id, enrolled) values (21, 29, 'true');
insert into student (student_id, person_id, enrolled) values (22, 30, 'true');
insert into student (student_id, person_id, enrolled) values (23, 31, 'true');
insert into student (student_id, person_id, enrolled) values (24, 32, 'true');
insert into student (student_id, person_id, enrolled) values (25, 33, 'true');
insert into student (student_id, person_id, enrolled) values (26, 34, 'true');
insert into student (student_id, person_id, enrolled) values (27, 35, 'true');
insert into student (student_id, person_id, enrolled) values (28, 36, 'true');
insert into student (student_id, person_id, enrolled) values (29, 37, 'true');
insert into student (student_id, person_id, enrolled) values (30, 38, 'true');
insert into student (student_id, person_id, enrolled) values (31, 39, 'true');
insert into student (student_id, person_id, enrolled) values (32, 40, 'true');
insert into student (student_id, person_id, enrolled) values (33, 41, 'true');
insert into student (student_id, person_id, enrolled) values (34, 42, 'true');
insert into student (student_id, person_id, enrolled) values (35, 43, 'true');
insert into student (student_id, person_id, enrolled) values (36, 44, 'true');
insert into student (student_id, person_id, enrolled) values (37, 45, 'true');
insert into sibling values (124, 37), (125,6);
insert into student_siblings values (124,6), (125,37);
insert into student (student_id, person_id, enrolled) values (38, 46, 'true');
insert into student (student_id, person_id, enrolled) values (39, 47, 'true');
insert into student (student_id, person_id, enrolled) values (40, 48, 'true');
insert into sibling values (131, 40), (126,7);
insert into student_siblings values (131,7), (126,40);
insert into student (student_id, person_id, enrolled) values (41, 49, 'true');
insert into student (student_id, person_id, enrolled) values (42, 50, 'true');
insert into student (student_id, person_id, enrolled) values (43, 51, 'true');
insert into student (student_id, person_id, enrolled) values (44, 52, 'true');
insert into student (student_id, person_id, enrolled) values (45, 53, 'true');
insert into sibling values (127, 45), (128,8);
insert into student_siblings values (127,8), (128,45);
insert into student (student_id, person_id, enrolled) values (46, 54, 'true');
insert into student (student_id, person_id, enrolled) values (47, 55, 'true');
insert into student (student_id, person_id, enrolled) values (48, 56, 'true');
insert into student (student_id, person_id, enrolled) values (49, 57, 'true');
insert into student (student_id, person_id, enrolled) values (50, 58, 'true');
insert into student (student_id, person_id, enrolled) values (51, 59, 'true');
insert into sibling values (111, 51);
insert into student_siblings values (101,51), (102,51), (111,1), (111,9);
insert into student (student_id, person_id, enrolled) values (52, 60, 'true');
insert into sibling values (112, 52);
insert into student_siblings values (103,52), (104,52), (112,2), (112,11);
insert into student (student_id, person_id, enrolled) values (53, 61, 'true');
insert into sibling values (113, 53);
insert into student_siblings values (107,53), (108,53), (113,3), (113,15);
insert into student (student_id, person_id, enrolled) values (54, 62, 'true');
insert into sibling values (114, 54);
insert into student_siblings values (105,54), (106,54), (114,4), (114,13);
insert into student (student_id, person_id, enrolled) values (55, 63, 'true');
insert into sibling values (115, 55);
insert into student_siblings values (109,55), (110,55), (115,5), (115,18);
insert into student (student_id, person_id, enrolled) values (56, 64, 'true');
insert into sibling values (116, 56), (117,23);
insert into student_siblings values (116,23), (117,56);
insert into student (student_id, person_id, enrolled) values (57, 65, 'true');
insert into sibling values (118, 57), (119,26);
insert into student_siblings values (118,26), (119,57);
insert into student (student_id, person_id, enrolled) values (58, 66, 'true');
insert into sibling values (120, 58), (121,30);
insert into student_siblings values (120,30), (121,58);
insert into student (student_id, person_id, enrolled) values (59, 67, 'true');
insert into sibling values (122, 59), (123,33);
insert into student_siblings values (122,33), (123,59);
insert into student (student_id, person_id, enrolled) values (60, 68, 'true');
insert into sibling values (129, 60), (130,48);
insert into student_siblings values (129,48), (130,60);

-- application
insert into application_student (application_id, person_id, student_id) values (1, 9, 1);
insert into application_student (application_id, person_id, student_id) values (2, 10, 2);
insert into application_student (application_id, person_id, student_id) values (3, 11, 3);
insert into application_student (application_id, person_id, student_id) values (4, 12, 4);
insert into application_student (application_id, person_id, student_id) values (5, 13, 5);
insert into application_student (application_id, person_id, student_id) values (6, 14, 6);
insert into application_student (application_id, person_id, student_id) values (7, 15, 7);
insert into application_student (application_id, person_id, student_id) values (8, 16, 8);
insert into application_student (application_id, person_id, student_id) values (9, 17, 9);
insert into application_student (application_id, person_id, student_id) values (10, 18, 10);
insert into application_student (application_id, person_id, student_id) values (11, 19, 11);
insert into application_student (application_id, person_id, student_id) values (12, 20, 12);
insert into application_student (application_id, person_id, student_id) values (13, 21, 13);
insert into application_student (application_id, person_id, student_id) values (14, 22, 14);
insert into application_student (application_id, person_id, student_id) values (15, 23, 15);
insert into application_student (application_id, person_id, student_id) values (16, 24, 16);
insert into application_student (application_id, person_id, student_id) values (17, 25, 17);
insert into application_student (application_id, person_id, student_id) values (18, 26, 18);
insert into application_student (application_id, person_id, student_id) values (19, 27, 19);
insert into application_student (application_id, person_id, student_id) values (20, 28, 20);
insert into application_student (application_id, person_id, student_id) values (21, 29, 21);
insert into application_student (application_id, person_id, student_id) values (22, 30, 22);
insert into application_student (application_id, person_id, student_id) values (23, 31, 23);
insert into application_student (application_id, person_id, student_id) values (24, 32, 24);
insert into application_student (application_id, person_id, student_id) values (25, 33, 25);
insert into application_student (application_id, person_id, student_id) values (26, 34, 26);
insert into application_student (application_id, person_id, student_id) values (27, 35, 27);
insert into application_student (application_id, person_id, student_id) values (28, 36, 28);
insert into application_student (application_id, person_id, student_id) values (29, 37, 29);
insert into application_student (application_id, person_id, student_id) values (30, 38, 30);
insert into application_student (application_id, person_id, student_id) values (31, 39, 31);
insert into application_student (application_id, person_id, student_id) values (32, 40, 32);
insert into application_student (application_id, person_id, student_id) values (33, 41, 33);
insert into application_student (application_id, person_id, student_id) values (34, 42, 34);
insert into application_student (application_id, person_id, student_id) values (35, 43, 35);
insert into application_student (application_id, person_id, student_id) values (36, 44, 36);
insert into application_student (application_id, person_id, student_id) values (37, 45, 37);
insert into application_student (application_id, person_id, student_id) values (38, 46, 38);
insert into application_student (application_id, person_id, student_id) values (39, 47, 39);
insert into application_student (application_id, person_id, student_id) values (40, 48, 40);
insert into application_student (application_id, person_id, student_id) values (41, 49, 41);
insert into application_student (application_id, person_id, student_id) values (42, 50, 42);
insert into application_student (application_id, person_id, student_id) values (43, 51, 43);
insert into application_student (application_id, person_id, student_id) values (44, 52, 44);
insert into application_student (application_id, person_id, student_id) values (45, 53, 45);
insert into application_student (application_id, person_id, student_id) values (46, 54, 46);
insert into application_student (application_id, person_id, student_id) values (47, 55, 47);
insert into application_student (application_id, person_id, student_id) values (48, 56, 48);
insert into application_student (application_id, person_id, student_id) values (49, 57, 49);
insert into application_student (application_id, person_id, student_id) values (50, 58, 50);
insert into application_student (application_id, person_id, student_id) values (51, 59, 51);
insert into application_student (application_id, person_id, student_id) values (52, 60, 52);
insert into application_student (application_id, person_id, student_id) values (53, 61, 53);
insert into application_student (application_id, person_id, student_id) values (54, 62, 54);
insert into application_student (application_id, person_id, student_id) values (55, 63, 55);
insert into application_student (application_id, person_id, student_id) values (56, 64, 56);
insert into application_student (application_id, person_id, student_id) values (57, 65, 57);
insert into application_student (application_id, person_id, student_id) values (58, 66, 58);
insert into application_student (application_id, person_id, student_id) values (59, 67, 59);
insert into application_student (application_id, person_id, student_id) values (60, 68, 60);


-- contact persons
INSERT INTO person (person_id,person_number,first_name,last_name,email,street,zip,city) VALUES (69,'198947073335','Beverly','Espinoza','malesuada.malesuada.integer@hotmail.org','190-6686 Pharetra. Rd.','71871','Hudiksvall');
INSERT INTO person (person_id,person_number,first_name,last_name,email,street,zip,city) VALUES (70,'198106634752','Davis','Vang','vitae@google.net','6037 Sit Rd.','36682','Norrköping');
INSERT INTO person (person_id,person_number,first_name,last_name,email,street,zip,city) VALUES (71,'198486145779','Ralph','House','habitant.morbi@google.edu','671-6032 Aliquet Rd.','33240','Linköping');
INSERT INTO person (person_id,person_number,first_name,last_name,email,street,zip,city) VALUES (72,'198561894856','Neil','Rodriquez','neque.non@icloud.net','266-882 Ultricies Rd.','74728','Ockelbo');
INSERT INTO person (person_id,person_number,first_name,last_name,email,street,zip,city) VALUES (73,'198762840816','Miranda','Porter','euismod@outlook.ca','251-1970 Magna, St.','38298','Vallentuna');
INSERT INTO person (person_id,person_number,first_name,last_name,email,street,zip,city) VALUES (74,'198978117663','Garrison','Petty','nullam@icloud.com','639-2107 Scelerisque Street','35928','Vänersborg');
INSERT INTO person (person_id,person_number,first_name,last_name,email,street,zip,city) VALUES (75,'198585787522','Eve','Holman','a@protonmail.couk','885-1335 Consectetuer Road','60978','Söderhamn');
INSERT INTO person (person_id,person_number,first_name,last_name,email,street,zip,city) VALUES (76,'198352443858','Gil','Duran','vel.convallis.in@yahoo.edu','266-6714 Feugiat St.','14317','Mjölby');
INSERT INTO person (person_id,person_number,first_name,last_name,email,street,zip,city) VALUES (77,'198741559760','Shea','Reeves','donec.dignissim@outlook.net','611-2091 Pretium Rd.','68542','Norrköping');
INSERT INTO person (person_id,person_number,first_name,last_name,email,street,zip,city) VALUES (78,'198807658737','Erasmus','Holder','in.consectetuer@google.com','Ap #981-670 Malesuada Road','63316','Värnamo');
INSERT INTO person (person_id,person_number,first_name,last_name,email,street,zip,city) VALUES (79,'198014400535','Isadora','Olsen','sociis.natoque.penatibus@outlook.edu','934-6837 Neque Av.','26313','Tranås');
INSERT INTO person (person_id,person_number,first_name,last_name,email,street,zip,city) VALUES (80,'198441648687','McKenzie','Craft','egestas@hotmail.org','855-2138 Non, Av.','15156','Motala');
INSERT INTO person (person_id,person_number,first_name,last_name,email,street,zip,city) VALUES (81,'198187578828','Axel','Cantu','cursus.in@google.ca','2214 Et Ave','55761','Mora');
INSERT INTO person (person_id,person_number,first_name,last_name,email,street,zip,city) VALUES (82,'198553431181','Vaughan','Richard','mauris.quis@protonmail.org','Ap #155-8308 A, Avenue','38827','Täby');
INSERT INTO person (person_id,person_number,first_name,last_name,email,street,zip,city) VALUES (83,'198051216217','Anastasia','Manning','lacus.pede@protonmail.edu','626-7618 Eu Avenue','63237','Söderhamn');
INSERT INTO person (person_id,person_number,first_name,last_name,email,street,zip,city) VALUES (84,'198466272582','Ivana','Herring','magnis@icloud.net','P.O. Box 591, 2228 Nullam St.','12354','Mora');
INSERT INTO person (person_id,person_number,first_name,last_name,email,street,zip,city) VALUES (85,'198820436112','Selma','Farley','sed.neque@yahoo.com','P.O. Box 809, 7444 Sit Street','61073','Nässjö');
INSERT INTO person (person_id,person_number,first_name,last_name,email,street,zip,city) VALUES (86,'198048678103','Sarah','Carter','mauris.eu@protonmail.ca','5514 Lacus. Ave','27175','Kungälv');
INSERT INTO person (person_id,person_number,first_name,last_name,email,street,zip,city) VALUES (87,'198347870557','Aristotle','Waters','nulla.facilisi.sed@aol.net','Ap #672-5812 Curabitur Rd.','03488','Skövde');
INSERT INTO person (person_id,person_number,first_name,last_name,email,street,zip,city) VALUES (88,'198268856242','Cole','Gross','ut@yahoo.com','P.O. Box 431, 7701 Suspendisse Av.','62913','Söderhamn');
INSERT INTO person (person_id,person_number,first_name,last_name,email,street,zip,city) VALUES (89,'198811433841','Paki','Roberson','augue.eu@aol.edu','8939 Cursus. Road','74274','Värnamo');
INSERT INTO person (person_id,person_number,first_name,last_name,email,street,zip,city) VALUES (90,'198375722412','Ignatius','Cunningham','faucibus.orci@yahoo.com','3636 Interdum. Rd.','30370','Stockholm');
INSERT INTO person (person_id,person_number,first_name,last_name,email,street,zip,city) VALUES (91,'198994675567','Damon','Delaney','egestas.lacinia@protonmail.ca','9701 Mauris Rd.','04526','Ockelbo');
INSERT INTO person (person_id,person_number,first_name,last_name,email,street,zip,city) VALUES (92,'198553280604','Delilah','Bean','dictum.augue.malesuada@aol.com','Ap #101-2041 Vulputate Avenue','08274','Skövde');
INSERT INTO person (person_id,person_number,first_name,last_name,email,street,zip,city) VALUES (93,'198761623025','Nora','Owen','pretium@outlook.net','P.O. Box 984, 6641 In Ave','94330','Mora');
INSERT INTO person (person_id,person_number,first_name,last_name,email,street,zip,city) VALUES (94,'198373632175','Oren','Mckay','donec@icloud.com','Ap #366-5542 Donec St.','15851','Kungälv');
INSERT INTO person (person_id,person_number,first_name,last_name,email,street,zip,city) VALUES (95,'198884778277','Bernard','Haney','nulla.donec@google.couk','6474 Erat. St.','58415','Norrköping');
INSERT INTO person (person_id,person_number,first_name,last_name,email,street,zip,city) VALUES (96,'198574481537','Carter','Mcfarland','vitae@google.couk','P.O. Box 187, 9727 Felis St.','84578','Hudiksvall');
INSERT INTO person (person_id,person_number,first_name,last_name,email,street,zip,city) VALUES (97,'198773333187','Brody','Clemons','metus.urna.convallis@google.ca','834-8067 In Road','53867','Lidingo');
INSERT INTO person (person_id,person_number,first_name,last_name,email,street,zip,city) VALUES (98,'198407976854','Kimberly','Mccullough','nisl@protonmail.edu','678-7059 Nascetur Road','38950','Falun');
INSERT INTO person (person_id,person_number,first_name,last_name,email,street,zip,city) VALUES (99,'198004225481','Oscar','Burns','mauris@icloud.net','340-9416 Eget St.','28662','Nässjö');
INSERT INTO person (person_id,person_number,first_name,last_name,email,street,zip,city) VALUES (100,'198847456369','Fletcher','Solomon','lectus@aol.net','9378 Etiam St.','68531','Uddevalla');
INSERT INTO person (person_id,person_number,first_name,last_name,email,street,zip,city) VALUES (101,'198574377222','Vernon','Mcgee','nec.metus.facilisis@google.org','213-5669 Nec Street','95518','Boo');
INSERT INTO person (person_id,person_number,first_name,last_name,email,street,zip,city) VALUES (102,'198444182695','Brendan','Mcbride','cras.eget.nisi@google.couk','141-955 Enim, Rd.','42852','Söderhamn');
INSERT INTO person (person_id,person_number,first_name,last_name,email,street,zip,city) VALUES (103,'198458876530','Hayley','Mcintosh','a.ultricies@hotmail.net','Ap #771-6357 Mauris, St.','32914','Falun');
INSERT INTO person (person_id,person_number,first_name,last_name,email,street,zip,city) VALUES (104,'198416731768','Timothy','Rush','aliquam@protonmail.net','143-3055 Bibendum Street','41936','Täby');
INSERT INTO person (person_id,person_number,first_name,last_name,email,street,zip,city) VALUES (105,'198748516699','Natalie','Waters','id@aol.edu','P.O. Box 464, 3955 Aliquam, St.','00768','Göteborg');
INSERT INTO person (person_id,person_number,first_name,last_name,email,street,zip,city) VALUES (106,'198558462507','Stuart','Middleton','ultrices.duis.volutpat@aol.couk','649-668 Ante Avenue','30443','Nässjö');
INSERT INTO person (person_id,person_number,first_name,last_name,email,street,zip,city) VALUES (107,'198543739152','Jackson','Ferrell','nunc@outlook.edu','979-4574 Ac St.','25524','Märsta');
INSERT INTO person (person_id,person_number,first_name,last_name,email,street,zip,city) VALUES (108,'198121893029','Hadassah','Slater','posuere@protonmail.org','Ap #348-5675 Luctus Road','84410','Motala');
INSERT INTO person (person_id,person_number,first_name,last_name,email,street,zip,city) VALUES (109,'198267720551','Emerson','Roberson','gravida.sagittis@hotmail.ca','P.O. Box 495, 2848 Hendrerit Ave','17486','Hudiksvall');
INSERT INTO person (person_id,person_number,first_name,last_name,email,street,zip,city) VALUES (110,'198438388114','Kaseem','Kelley','purus.ac@yahoo.couk','337-8891 Egestas Road','73516','Falun');

insert into contact_person (contact_person_id, relation_type_student, person_id) values (1, 'parent', 69);
insert into contact_person (contact_person_id, relation_type_student, person_id) values (2, 'parent', 70);
insert into contact_person (contact_person_id, relation_type_student, person_id) values (3, 'parent', 71);
insert into contact_person (contact_person_id, relation_type_student, person_id) values (4, 'parent', 72);
insert into contact_person (contact_person_id, relation_type_student, person_id) values (5, 'parent', 73);
insert into contact_person (contact_person_id, relation_type_student, person_id) values (6, 'parent', 74);
insert into contact_person (contact_person_id, relation_type_student, person_id) values (7, 'parent', 75);
insert into contact_person (contact_person_id, relation_type_student, person_id) values (8, 'parent', 76);
insert into contact_person (contact_person_id, relation_type_student, person_id) values (9, 'parent', 77);
insert into contact_person (contact_person_id, relation_type_student, person_id) values (10, 'parent', 78);
insert into contact_person (contact_person_id, relation_type_student, person_id) values (11, 'parent', 79);
insert into contact_person (contact_person_id, relation_type_student, person_id) values (12, 'parent', 80);
insert into contact_person (contact_person_id, relation_type_student, person_id) values (13, 'parent', 81);
insert into contact_person (contact_person_id, relation_type_student, person_id) values (14, 'parent', 82);
insert into contact_person (contact_person_id, relation_type_student, person_id) values (15, 'parent', 83);
insert into contact_person (contact_person_id, relation_type_student, person_id) values (16, 'parent', 84);
insert into contact_person (contact_person_id, relation_type_student, person_id) values (17, 'parent', 85);
insert into contact_person (contact_person_id, relation_type_student, person_id) values (18, 'parent', 86);
insert into contact_person (contact_person_id, relation_type_student, person_id) values (19, 'parent', 87);
insert into contact_person (contact_person_id, relation_type_student, person_id) values (20, 'parent', 88);
insert into contact_person (contact_person_id, relation_type_student, person_id) values (21, 'parent', 89);
insert into contact_person (contact_person_id, relation_type_student, person_id) values (22, 'parent', 90);
insert into contact_person (contact_person_id, relation_type_student, person_id) values (23, 'parent', 91);
insert into contact_person (contact_person_id, relation_type_student, person_id) values (24, 'parent', 92);
insert into contact_person (contact_person_id, relation_type_student, person_id) values (25, 'parent', 93);
insert into contact_person (contact_person_id, relation_type_student, person_id) values (26, 'parent', 94);
insert into contact_person (contact_person_id, relation_type_student, person_id) values (27, 'parent', 95);
insert into contact_person (contact_person_id, relation_type_student, person_id) values (28, 'parent', 96);
insert into contact_person (contact_person_id, relation_type_student, person_id) values (29, 'parent', 97);
insert into contact_person (contact_person_id, relation_type_student, person_id) values (30, 'parent', 98);
insert into contact_person (contact_person_id, relation_type_student, person_id) values (31, 'parent', 99);
insert into contact_person (contact_person_id, relation_type_student, person_id) values (32, 'parent', 100);
insert into contact_person (contact_person_id, relation_type_student, person_id) values (33, 'parent', 101);
insert into contact_person (contact_person_id, relation_type_student, person_id) values (34, 'parent', 102);
insert into contact_person (contact_person_id, relation_type_student, person_id) values (35, 'parent', 103);
insert into contact_person (contact_person_id, relation_type_student, person_id) values (36, 'parent', 104);
insert into contact_person (contact_person_id, relation_type_student, person_id) values (37, 'parent', 105);
insert into contact_person (contact_person_id, relation_type_student, person_id) values (38, 'parent', 106);
insert into contact_person (contact_person_id, relation_type_student, person_id) values (39, 'parent', 107);
insert into contact_person (contact_person_id, relation_type_student, person_id) values (40, 'parent', 108);
insert into contact_person (contact_person_id, relation_type_student, person_id) values (41, 'parent', 109);
insert into contact_person (contact_person_id, relation_type_student, person_id) values (42, 'parent', 110);

-- student_contact_person
insert into student_contact_person (contact_person_id, student_id) values (1, 9);
insert into student_contact_person (contact_person_id, student_id) values (1, 1);
insert into student_contact_person (contact_person_id, student_id) values (1, 51);
insert into student_contact_person (contact_person_id, student_id) values (2, 10);
insert into student_contact_person (contact_person_id, student_id) values (3, 11);
insert into student_contact_person (contact_person_id, student_id) values (3, 2);
insert into student_contact_person (contact_person_id, student_id) values (3, 52);
insert into student_contact_person (contact_person_id, student_id) values (4, 12);
insert into student_contact_person (contact_person_id, student_id) values (5, 13);
insert into student_contact_person (contact_person_id, student_id) values (5, 54);
insert into student_contact_person (contact_person_id, student_id) values (5, 4);
insert into student_contact_person (contact_person_id, student_id) values (6, 14);
insert into student_contact_person (contact_person_id, student_id) values (7, 15);
insert into student_contact_person (contact_person_id, student_id) values (7, 3);
insert into student_contact_person (contact_person_id, student_id) values (7, 53);
insert into student_contact_person (contact_person_id, student_id) values (8, 16);
insert into student_contact_person (contact_person_id, student_id) values (9, 17);
insert into student_contact_person (contact_person_id, student_id) values (10, 18);
insert into student_contact_person (contact_person_id, student_id) values (10, 55);
insert into student_contact_person (contact_person_id, student_id) values (10, 5);
insert into student_contact_person (contact_person_id, student_id) values (11, 19);
insert into student_contact_person (contact_person_id, student_id) values (12, 20);
insert into student_contact_person (contact_person_id, student_id) values (13, 21);
insert into student_contact_person (contact_person_id, student_id) values (14, 22);
insert into student_contact_person (contact_person_id, student_id) values (15, 23);
insert into student_contact_person (contact_person_id, student_id) values (15, 56);
insert into student_contact_person (contact_person_id, student_id) values (16, 24);
insert into student_contact_person (contact_person_id, student_id) values (17, 25);
insert into student_contact_person (contact_person_id, student_id) values (18, 26);
insert into student_contact_person (contact_person_id, student_id) values (18, 57);
insert into student_contact_person (contact_person_id, student_id) values (19, 27);
insert into student_contact_person (contact_person_id, student_id) values (20, 28);
insert into student_contact_person (contact_person_id, student_id) values (21, 29);
insert into student_contact_person (contact_person_id, student_id) values (22, 30);
insert into student_contact_person (contact_person_id, student_id) values (22, 58);
insert into student_contact_person (contact_person_id, student_id) values (23, 31);
insert into student_contact_person (contact_person_id, student_id) values (24, 32);
insert into student_contact_person (contact_person_id, student_id) values (25, 33);
insert into student_contact_person (contact_person_id, student_id) values (25, 59);
insert into student_contact_person (contact_person_id, student_id) values (26, 34);
insert into student_contact_person (contact_person_id, student_id) values (27, 35);
insert into student_contact_person (contact_person_id, student_id) values (28, 36);
insert into student_contact_person (contact_person_id, student_id) values (29, 37);
insert into student_contact_person (contact_person_id, student_id) values (29, 6);
insert into student_contact_person (contact_person_id, student_id) values (30, 38);
insert into student_contact_person (contact_person_id, student_id) values (31, 39);
insert into student_contact_person (contact_person_id, student_id) values (32, 40);
insert into student_contact_person (contact_person_id, student_id) values (32, 7);
insert into student_contact_person (contact_person_id, student_id) values (33, 41);
insert into student_contact_person (contact_person_id, student_id) values (34, 42);
insert into student_contact_person (contact_person_id, student_id) values (35, 43);
insert into student_contact_person (contact_person_id, student_id) values (36, 44);
insert into student_contact_person (contact_person_id, student_id) values (37, 45);
insert into student_contact_person (contact_person_id, student_id) values (37, 8);
insert into student_contact_person (contact_person_id, student_id) values (38, 46);
insert into student_contact_person (contact_person_id, student_id) values (39, 47);
insert into student_contact_person (contact_person_id, student_id) values (40, 48);
insert into student_contact_person (contact_person_id, student_id) values (40, 60);
insert into student_contact_person (contact_person_id, student_id) values (41, 49);
insert into student_contact_person (contact_person_id, student_id) values (42, 50);

-- parents phone number
INSERT INTO phone (phone_id,phone_no) VALUES (9,'(998) 833-6756');
INSERT INTO phone (phone_id,phone_no) VALUES (10,'1-643-839-5234');
INSERT INTO phone (phone_id,phone_no) VALUES (11,'1-231-772-5455');
INSERT INTO phone (phone_id,phone_no) VALUES (12,'(761) 603-6210');
INSERT INTO phone (phone_id,phone_no) VALUES (13,'1-828-268-4281');
INSERT INTO phone (phone_id,phone_no) VALUES (14,'1-647-224-3760');
INSERT INTO phone (phone_id,phone_no) VALUES (15,'1-682-860-3044');
INSERT INTO phone (phone_id,phone_no) VALUES (16,'1-666-591-8582');
INSERT INTO phone (phone_id,phone_no) VALUES (17,'1-223-438-1751');
INSERT INTO phone (phone_id,phone_no) VALUES (18,'(356) 761-4820');
INSERT INTO phone (phone_id,phone_no) VALUES (19,'(790) 634-7082');
INSERT INTO phone (phone_id,phone_no) VALUES (20,'1-662-362-2176');
INSERT INTO phone (phone_id,phone_no) VALUES (21,'1-461-455-0433');
INSERT INTO phone (phone_id,phone_no) VALUES (22,'1-944-436-1228');
INSERT INTO phone (phone_id,phone_no) VALUES (23,'(566) 959-2852');
INSERT INTO phone (phone_id,phone_no) VALUES (24,'(448) 779-4981');
INSERT INTO phone (phone_id,phone_no) VALUES (25,'(420) 408-8473');
INSERT INTO phone (phone_id,phone_no) VALUES (26,'1-173-234-8621');
INSERT INTO phone (phone_id,phone_no) VALUES (27,'(875) 875-8741');
INSERT INTO phone (phone_id,phone_no) VALUES (28,'1-633-309-6721');
INSERT INTO phone (phone_id,phone_no) VALUES (29,'1-559-630-0848');
INSERT INTO phone (phone_id,phone_no) VALUES (30,'1-775-864-5160');
INSERT INTO phone (phone_id,phone_no) VALUES (31,'(431) 581-5860');
INSERT INTO phone (phone_id,phone_no) VALUES (32,'(855) 382-3687');
INSERT INTO phone (phone_id,phone_no) VALUES (33,'(914) 321-0481');
INSERT INTO phone (phone_id,phone_no) VALUES (34,'(493) 737-3857');
INSERT INTO phone (phone_id,phone_no) VALUES (35,'(459) 680-3345');
INSERT INTO phone (phone_id,phone_no) VALUES (36,'(387) 743-6585');
INSERT INTO phone (phone_id,phone_no) VALUES (37,'1-336-254-9167');
INSERT INTO phone (phone_id,phone_no) VALUES (38,'(197) 337-9555');
INSERT INTO phone (phone_id,phone_no) VALUES (39,'(445) 531-6976');
INSERT INTO phone (phone_id,phone_no) VALUES (40,'(624) 836-1197');
INSERT INTO phone (phone_id,phone_no) VALUES (41,'(582) 344-5387');
INSERT INTO phone (phone_id,phone_no) VALUES (42,'(311) 933-3063');
INSERT INTO phone (phone_id,phone_no) VALUES (43,'1-678-266-2774');
INSERT INTO phone (phone_id,phone_no) VALUES (44,'(673) 231-7372');
INSERT INTO phone (phone_id,phone_no) VALUES (45,'1-418-444-3408');
INSERT INTO phone (phone_id,phone_no) VALUES (46,'(856) 742-0554');
INSERT INTO phone (phone_id,phone_no) VALUES (47,'(366) 714-6492');
INSERT INTO phone (phone_id,phone_no) VALUES (48,'1-824-398-5772');
INSERT INTO phone (phone_id,phone_no) VALUES (49,'(716) 360-8222');
INSERT INTO phone (phone_id,phone_no) VALUES (50,'(486) 794-8764');

-- person_phone
insert into person_phone (person_id, phone_id) values (69, 9);
insert into person_phone (person_id, phone_id) values (70, 10);
insert into person_phone (person_id, phone_id) values (71, 11);
insert into person_phone (person_id, phone_id) values (72, 12);
insert into person_phone (person_id, phone_id) values (73, 13);
insert into person_phone (person_id, phone_id) values (74, 14);
insert into person_phone (person_id, phone_id) values (75, 15);
insert into person_phone (person_id, phone_id) values (76, 16);
insert into person_phone (person_id, phone_id) values (77, 17);
insert into person_phone (person_id, phone_id) values (78, 18);
insert into person_phone (person_id, phone_id) values (79, 19);
insert into person_phone (person_id, phone_id) values (80, 20);
insert into person_phone (person_id, phone_id) values (81, 21);
insert into person_phone (person_id, phone_id) values (82, 22);
insert into person_phone (person_id, phone_id) values (83, 23);
insert into person_phone (person_id, phone_id) values (84, 24);
insert into person_phone (person_id, phone_id) values (85, 25);
insert into person_phone (person_id, phone_id) values (86, 26);
insert into person_phone (person_id, phone_id) values (87, 27);
insert into person_phone (person_id, phone_id) values (88, 28);
insert into person_phone (person_id, phone_id) values (89, 29);
insert into person_phone (person_id, phone_id) values (90, 30);
insert into person_phone (person_id, phone_id) values (91, 31);
insert into person_phone (person_id, phone_id) values (92, 32);
insert into person_phone (person_id, phone_id) values (93, 33);
insert into person_phone (person_id, phone_id) values (94, 34);
insert into person_phone (person_id, phone_id) values (95, 35);
insert into person_phone (person_id, phone_id) values (96, 36);
insert into person_phone (person_id, phone_id) values (97, 37);
insert into person_phone (person_id, phone_id) values (98, 38);
insert into person_phone (person_id, phone_id) values (99, 39);
insert into person_phone (person_id, phone_id) values (100, 40);
insert into person_phone (person_id, phone_id) values (101, 41);
insert into person_phone (person_id, phone_id) values (102, 42);
insert into person_phone (person_id, phone_id) values (103, 43);
insert into person_phone (person_id, phone_id) values (104, 44);
insert into person_phone (person_id, phone_id) values (105, 45);
insert into person_phone (person_id, phone_id) values (106, 46);
insert into person_phone (person_id, phone_id) values (107, 47);
insert into person_phone (person_id, phone_id) values (108, 48);
insert into person_phone (person_id, phone_id) values (109, 49);
insert into person_phone (person_id, phone_id) values (110, 50);


--student_instruments
insert into student_instruments (instrument_id, student_id, skill_level_id) values (1, 1, 1);
insert into student_instruments (instrument_id, student_id, skill_level_id) values (2, 2, 2);
insert into student_instruments (instrument_id, student_id, skill_level_id) values (3, 2, 3);
insert into student_instruments (instrument_id, student_id, skill_level_id) values (4, 3, 1);
insert into student_instruments (instrument_id, student_id, skill_level_id) values (5, 3, 2);
insert into student_instruments (instrument_id, student_id, skill_level_id) values (6, 4, 3);
insert into student_instruments (instrument_id, student_id, skill_level_id) values (7, 4, 1);
insert into student_instruments (instrument_id, student_id, skill_level_id) values (8, 5, 2);
insert into student_instruments (instrument_id, student_id, skill_level_id) values (1, 5, 3);
insert into student_instruments (instrument_id, student_id, skill_level_id) values (2, 6, 1);
insert into student_instruments (instrument_id, student_id, skill_level_id) values (3, 7, 2);
insert into student_instruments (instrument_id, student_id, skill_level_id) values (4, 7, 3);
insert into student_instruments (instrument_id, student_id, skill_level_id) values (5, 7, 1);
insert into student_instruments (instrument_id, student_id, skill_level_id) values (6, 8, 2);
insert into student_instruments (instrument_id, student_id, skill_level_id) values (7, 8, 3);
insert into student_instruments (instrument_id, student_id, skill_level_id) values (8, 9, 1);
insert into student_instruments (instrument_id, student_id, skill_level_id) values (1, 9, 2);
insert into student_instruments (instrument_id, student_id, skill_level_id) values (2, 10, 3);
insert into student_instruments (instrument_id, student_id, skill_level_id) values (3, 10, 1);
insert into student_instruments (instrument_id, student_id, skill_level_id) values (4, 11, 2);
insert into student_instruments (instrument_id, student_id, skill_level_id) values (5, 11, 3);
insert into student_instruments (instrument_id, student_id, skill_level_id) values (7, 12, 2);
insert into student_instruments (instrument_id, student_id, skill_level_id) values (8, 13, 3);
insert into student_instruments (instrument_id, student_id, skill_level_id) values (1, 13, 1);
insert into student_instruments (instrument_id, student_id, skill_level_id) values (2, 14, 2);
insert into student_instruments (instrument_id, student_id, skill_level_id) values (3, 14, 3);
insert into student_instruments (instrument_id, student_id, skill_level_id) values (4, 15, 1);
insert into student_instruments (instrument_id, student_id, skill_level_id) values (5, 15, 2);
insert into student_instruments (instrument_id, student_id, skill_level_id) values (6, 16, 3);
insert into student_instruments (instrument_id, student_id, skill_level_id) values (7, 16, 1);
insert into student_instruments (instrument_id, student_id, skill_level_id) values (8, 17, 2);
insert into student_instruments (instrument_id, student_id, skill_level_id) values (1, 17, 3);
insert into student_instruments (instrument_id, student_id, skill_level_id) values (2, 17, 1);
insert into student_instruments (instrument_id, student_id, skill_level_id) values (3, 18, 2);
insert into student_instruments (instrument_id, student_id, skill_level_id) values (4, 19, 3);
insert into student_instruments (instrument_id, student_id, skill_level_id) values (5, 19, 1);
insert into student_instruments (instrument_id, student_id, skill_level_id) values (6, 20, 2);
insert into student_instruments (instrument_id, student_id, skill_level_id) values (7, 20, 3);
insert into student_instruments (instrument_id, student_id, skill_level_id) values (8, 20, 1);
insert into student_instruments (instrument_id, student_id, skill_level_id) values (1, 21, 2);
insert into student_instruments (instrument_id, student_id, skill_level_id) values (2, 22, 3);
insert into student_instruments (instrument_id, student_id, skill_level_id) values (3, 22, 1);
insert into student_instruments (instrument_id, student_id, skill_level_id) values (5, 24, 3);
insert into student_instruments (instrument_id, student_id, skill_level_id) values (6, 24, 1);
insert into student_instruments (instrument_id, student_id, skill_level_id) values (7, 24, 2);
insert into student_instruments (instrument_id, student_id, skill_level_id) values (8, 25, 3);
insert into student_instruments (instrument_id, student_id, skill_level_id) values (1, 25, 1);
insert into student_instruments (instrument_id, student_id, skill_level_id) values (2, 26, 2);
insert into student_instruments (instrument_id, student_id, skill_level_id) values (3, 26, 3);
insert into student_instruments (instrument_id, student_id, skill_level_id) values (4, 27, 1);
insert into student_instruments (instrument_id, student_id, skill_level_id) values (5, 27, 2);
insert into student_instruments (instrument_id, student_id, skill_level_id) values (6, 28, 3);
insert into student_instruments (instrument_id, student_id, skill_level_id) values (7, 28, 1);
insert into student_instruments (instrument_id, student_id, skill_level_id) values (8, 29, 2);
insert into student_instruments (instrument_id, student_id, skill_level_id) values (1, 29, 3);
insert into student_instruments (instrument_id, student_id, skill_level_id) values (2, 30, 1);
insert into student_instruments (instrument_id, student_id, skill_level_id) values (3, 31, 2);
insert into student_instruments (instrument_id, student_id, skill_level_id) values (4, 31, 3);
insert into student_instruments (instrument_id, student_id, skill_level_id) values (5, 31, 1);
insert into student_instruments (instrument_id, student_id, skill_level_id) values (6, 32, 2);
insert into student_instruments (instrument_id, student_id, skill_level_id) values (7, 32, 3);
insert into student_instruments (instrument_id, student_id, skill_level_id) values (8, 33, 1);
insert into student_instruments (instrument_id, student_id, skill_level_id) values (1, 33, 2);
insert into student_instruments (instrument_id, student_id, skill_level_id) values (2, 34, 3);
insert into student_instruments (instrument_id, student_id, skill_level_id) values (3, 34, 1);
insert into student_instruments (instrument_id, student_id, skill_level_id) values (4, 35, 2);
insert into student_instruments (instrument_id, student_id, skill_level_id) values (5, 36, 3);
insert into student_instruments (instrument_id, student_id, skill_level_id) values (6, 36, 1);
insert into student_instruments (instrument_id, student_id, skill_level_id) values (7, 36, 2);
insert into student_instruments (instrument_id, student_id, skill_level_id) values (1, 37, 1);
insert into student_instruments (instrument_id, student_id, skill_level_id) values (2, 38, 2);
insert into student_instruments (instrument_id, student_id, skill_level_id) values (3, 38, 3);
insert into student_instruments (instrument_id, student_id, skill_level_id) values (4, 39, 1);
insert into student_instruments (instrument_id, student_id, skill_level_id) values (5, 39, 2);
insert into student_instruments (instrument_id, student_id, skill_level_id) values (6, 40, 3);
insert into student_instruments (instrument_id, student_id, skill_level_id) values (7, 40, 1);
insert into student_instruments (instrument_id, student_id, skill_level_id) values (8, 40, 2);
insert into student_instruments (instrument_id, student_id, skill_level_id) values (1, 41, 3);
insert into student_instruments (instrument_id, student_id, skill_level_id) values (3, 42, 2);
insert into student_instruments (instrument_id, student_id, skill_level_id) values (4, 43, 3);
insert into student_instruments (instrument_id, student_id, skill_level_id) values (5, 43, 1);
insert into student_instruments (instrument_id, student_id, skill_level_id) values (6, 44, 2);
insert into student_instruments (instrument_id, student_id, skill_level_id) values (7, 44, 3);
insert into student_instruments (instrument_id, student_id, skill_level_id) values (8, 45, 1);
insert into student_instruments (instrument_id, student_id, skill_level_id) values (1, 45, 2);
insert into student_instruments (instrument_id, student_id, skill_level_id) values (2, 46, 3);
insert into student_instruments (instrument_id, student_id, skill_level_id) values (3, 46, 1);
insert into student_instruments (instrument_id, student_id, skill_level_id) values (4, 47, 2);
insert into student_instruments (instrument_id, student_id, skill_level_id) values (5, 47, 3);
insert into student_instruments (instrument_id, student_id, skill_level_id) values (6, 48, 1);
insert into student_instruments (instrument_id, student_id, skill_level_id) values (7, 48, 2);
insert into student_instruments (instrument_id, student_id, skill_level_id) values (8, 48, 3);
insert into student_instruments (instrument_id, student_id, skill_level_id) values (1, 49, 1);
insert into student_instruments (instrument_id, student_id, skill_level_id) values (2, 50, 2);
insert into student_instruments (instrument_id, student_id, skill_level_id) values (3, 50, 3);
insert into student_instruments (instrument_id, student_id, skill_level_id) values (4, 51, 1);
insert into student_instruments (instrument_id, student_id, skill_level_id) values (5, 51, 2);
insert into student_instruments (instrument_id, student_id, skill_level_id) values (6, 52, 3);
insert into student_instruments (instrument_id, student_id, skill_level_id) values (7, 52, 1);
insert into student_instruments (instrument_id, student_id, skill_level_id) values (8, 53, 2);
insert into student_instruments (instrument_id, student_id, skill_level_id) values (1, 53, 3);
insert into student_instruments (instrument_id, student_id, skill_level_id) values (2, 54, 1);
insert into student_instruments (instrument_id, student_id, skill_level_id) values (3, 54, 2);
insert into student_instruments (instrument_id, student_id, skill_level_id) values (4, 55, 3);
insert into student_instruments (instrument_id, student_id, skill_level_id) values (5, 55, 1);
insert into student_instruments (instrument_id, student_id, skill_level_id) values (6, 56, 2);
insert into student_instruments (instrument_id, student_id, skill_level_id) values (7, 56, 3);
insert into student_instruments (instrument_id, student_id, skill_level_id) values (8, 57, 1);
insert into student_instruments (instrument_id, student_id, skill_level_id) values (1, 57, 2);
insert into student_instruments (instrument_id, student_id, skill_level_id) values (2, 58, 3);
insert into student_instruments (instrument_id, student_id, skill_level_id) values (3, 58, 1);
insert into student_instruments (instrument_id, student_id, skill_level_id) values (4, 59, 2);
insert into student_instruments (instrument_id, student_id, skill_level_id) values (5, 59, 3);
insert into student_instruments (instrument_id, student_id, skill_level_id) values (6, 60, 1);
insert into student_instruments (instrument_id, student_id, skill_level_id) values (7, 60, 2);

--lesson_attendees individual
insert into lesson_attendees (student_id, lesson_id) values (1,233);
insert into lesson_attendees (student_id, lesson_id) values (17,234);
insert into lesson_attendees (student_id, lesson_id) values (42,235);
insert into lesson_attendees (student_id, lesson_id) values (7,236);
insert into lesson_attendees (student_id, lesson_id) values (15,237);
insert into lesson_attendees (student_id, lesson_id) values (52,238);
insert into lesson_attendees (student_id, lesson_id) values (60,239);
insert into lesson_attendees (student_id, lesson_id) values (48,240);
insert into lesson_attendees (student_id, lesson_id) values (37,297);
insert into lesson_attendees (student_id, lesson_id) values (58, 298);
insert into lesson_attendees (student_id, lesson_id) values (58,299);
insert into lesson_attendees (student_id, lesson_id) values (51,300);
insert into lesson_attendees (student_id, lesson_id) values (47,301);
insert into lesson_attendees (student_id, lesson_id) values (56,302);
insert into lesson_attendees (student_id, lesson_id) values (36,303);
insert into lesson_attendees (student_id, lesson_id) values (57,304);
insert into lesson_attendees (student_id, lesson_id) values (21,241);
insert into lesson_attendees (student_id, lesson_id) values (22,242);
insert into lesson_attendees (student_id, lesson_id) values (50,243);
insert into lesson_attendees (student_id, lesson_id) values (51,244);
insert into lesson_attendees (student_id, lesson_id) values (3,245);
insert into lesson_attendees (student_id, lesson_id) values (56,246);
insert into lesson_attendees (student_id, lesson_id) values (24,247);
insert into lesson_attendees (student_id, lesson_id) values (33,248);
insert into lesson_attendees (student_id, lesson_id) values (5,305);
insert into lesson_attendees (student_id, lesson_id) values (2,306);
insert into lesson_attendees (student_id, lesson_id) values (14,307);
insert into lesson_attendees (student_id, lesson_id) values (47,308);
insert into lesson_attendees (student_id, lesson_id) values (36,309);
insert into lesson_attendees (student_id, lesson_id) values (52,310);
insert into lesson_attendees (student_id, lesson_id) values (60,311);
insert into lesson_attendees (student_id, lesson_id) values (13,312);
insert into lesson_attendees (student_id, lesson_id) values (29,249);
insert into lesson_attendees (student_id, lesson_id) values (2,250);
insert into lesson_attendees (student_id, lesson_id) values (10,251);
insert into lesson_attendees (student_id, lesson_id) values (3,252);
insert into lesson_attendees (student_id, lesson_id) values (11,253);
insert into lesson_attendees (student_id, lesson_id) values (24,254);
insert into lesson_attendees (student_id, lesson_id) values (12,255);
insert into lesson_attendees (student_id, lesson_id) values (5,256);
insert into lesson_attendees (student_id, lesson_id) values (9,313);
insert into lesson_attendees (student_id, lesson_id) values (2,314);
insert into lesson_attendees (student_id, lesson_id) values (7,315);
insert into lesson_attendees (student_id, lesson_id) values (11,316);
insert into lesson_attendees (student_id, lesson_id) values (11,317);
insert into lesson_attendees (student_id, lesson_id) values (4,318);
insert into lesson_attendees (student_id, lesson_id) values (12,319);
insert into lesson_attendees (student_id, lesson_id) values (13,320);
insert into lesson_attendees (student_id, lesson_id) values (9,257);
insert into lesson_attendees (student_id, lesson_id) values (10,258);
insert into lesson_attendees (student_id, lesson_id) values (7,259);
insert into lesson_attendees (student_id, lesson_id) values (7,260);
insert into lesson_attendees (student_id, lesson_id) values (19,261);
insert into lesson_attendees (student_id, lesson_id) values (8,262);
insert into lesson_attendees (student_id, lesson_id) values (4,263);
insert into lesson_attendees (student_id, lesson_id) values (9,264);
insert into lesson_attendees (student_id, lesson_id) values (5,321);
insert into lesson_attendees (student_id, lesson_id) values (17,322);
insert into lesson_attendees (student_id, lesson_id) values (7,323);
insert into lesson_attendees (student_id, lesson_id) values (11,324);
insert into lesson_attendees (student_id, lesson_id) values (24,325);
insert into lesson_attendees (student_id, lesson_id) values (24,326);
insert into lesson_attendees (student_id, lesson_id) values (12,327);
insert into lesson_attendees (student_id, lesson_id) values (13,328);
insert into lesson_attendees (student_id, lesson_id) values (17,265);
insert into lesson_attendees (student_id, lesson_id) values (10,266);
insert into lesson_attendees (student_id, lesson_id) values (58,267);
insert into lesson_attendees (student_id, lesson_id) values (35,268);
insert into lesson_attendees (student_id, lesson_id) values (36,269);
insert into lesson_attendees (student_id, lesson_id) values (36,270);
insert into lesson_attendees (student_id, lesson_id) values (56,271);
insert into lesson_attendees (student_id, lesson_id) values (53,272);
insert into lesson_attendees (student_id, lesson_id) values (29,329);
insert into lesson_attendees (student_id, lesson_id) values (22,330);
insert into lesson_attendees (student_id, lesson_id) values (46,331);
insert into lesson_attendees (student_id, lesson_id) values (7,332);
insert into lesson_attendees (student_id, lesson_id) values (19,333);
insert into lesson_attendees (student_id, lesson_id) values (53,334);
insert into lesson_attendees (student_id, lesson_id) values (8,335);
insert into lesson_attendees (student_id, lesson_id) values (20,336);
insert into lesson_attendees (student_id, lesson_id) values (41,273);
insert into lesson_attendees (student_id, lesson_id) values (14,274);
insert into lesson_attendees (student_id, lesson_id) values (22,275);
insert into lesson_attendees (student_id, lesson_id) values (3,276);
insert into lesson_attendees (student_id, lesson_id) values (51,277);
insert into lesson_attendees (student_id, lesson_id) values (16,278);
insert into lesson_attendees (student_id, lesson_id) values (32,279);
insert into lesson_attendees (student_id, lesson_id) values (40,280);
insert into lesson_attendees (student_id, lesson_id) values (17,337);
insert into lesson_attendees (student_id, lesson_id) values (34,338);
insert into lesson_attendees (student_id, lesson_id) values (10,339);
insert into lesson_attendees (student_id, lesson_id) values (15,340);
insert into lesson_attendees (student_id, lesson_id) values (19,341);
insert into lesson_attendees (student_id, lesson_id) values (60,342);
insert into lesson_attendees (student_id, lesson_id) values (16,343);
insert into lesson_attendees (student_id, lesson_id) values (5,344);
insert into lesson_attendees (student_id, lesson_id) values (33,281);
insert into lesson_attendees (student_id, lesson_id) values (46,282);
insert into lesson_attendees (student_id, lesson_id) values (58,283);
insert into lesson_attendees (student_id, lesson_id) values (7,284);
insert into lesson_attendees (student_id, lesson_id) values (19,285);
insert into lesson_attendees (student_id, lesson_id) values (24,286);
insert into lesson_attendees (student_id, lesson_id) values (60,287);
insert into lesson_attendees (student_id, lesson_id) values (33,288);
insert into lesson_attendees (student_id, lesson_id) values (13,345);
insert into lesson_attendees (student_id, lesson_id) values (30,346);
insert into lesson_attendees (student_id, lesson_id) values (46,347);
insert into lesson_attendees (student_id, lesson_id) values (27,348);
insert into lesson_attendees (student_id, lesson_id) values (7,349);
insert into lesson_attendees (student_id, lesson_id) values (20,350);
insert into lesson_attendees (student_id, lesson_id) values (28,351);
insert into lesson_attendees (student_id, lesson_id) values (25,352);
insert into lesson_attendees (student_id, lesson_id) values (29,289);
insert into lesson_attendees (student_id, lesson_id) values (38,290);
insert into lesson_attendees (student_id, lesson_id) values (50,291);
insert into lesson_attendees (student_id, lesson_id) values (7,292);
insert into lesson_attendees (student_id, lesson_id) values (59,293);
insert into lesson_attendees (student_id, lesson_id) values (40,294);
insert into lesson_attendees (student_id, lesson_id) values (48,295);
insert into lesson_attendees (student_id, lesson_id) values (9,296);
insert into lesson_attendees (student_id, lesson_id) values (9,353);
insert into lesson_attendees (student_id, lesson_id) values (50,354);
insert into lesson_attendees (student_id, lesson_id) values (38,355);
insert into lesson_attendees (student_id, lesson_id) values (51,356);
insert into lesson_attendees (student_id, lesson_id) values (39,357);
insert into lesson_attendees (student_id, lesson_id) values (32,358);
insert into lesson_attendees (student_id, lesson_id) values (52,359);
insert into lesson_attendees (student_id, lesson_id) values (25,360);
--lesson_attendees group
insert into lesson_attendees (student_id, lesson_id) values (9, 1);
insert into lesson_attendees (student_id, lesson_id) values (21, 1);
insert into lesson_attendees (student_id, lesson_id) values (33, 1);
insert into lesson_attendees (student_id, lesson_id) values (57, 1);
insert into lesson_attendees (student_id, lesson_id) values (9, 9);
insert into lesson_attendees (student_id, lesson_id) values (21, 9);
insert into lesson_attendees (student_id, lesson_id) values (33, 9);
insert into lesson_attendees (student_id, lesson_id) values (57, 9);
insert into lesson_attendees (student_id, lesson_id) values (9, 17);
insert into lesson_attendees (student_id, lesson_id) values (21, 17);
insert into lesson_attendees (student_id, lesson_id) values (33, 17);
insert into lesson_attendees (student_id, lesson_id) values (57, 17);
insert into lesson_attendees (student_id, lesson_id) values (9, 25);
insert into lesson_attendees (student_id, lesson_id) values (21, 25);
insert into lesson_attendees (student_id, lesson_id) values (33, 25);
insert into lesson_attendees (student_id, lesson_id) values (57, 25);
insert into lesson_attendees (student_id, lesson_id) values (9, 33);
insert into lesson_attendees (student_id, lesson_id) values (21, 33);
insert into lesson_attendees (student_id, lesson_id) values (33, 33);
insert into lesson_attendees (student_id, lesson_id) values (57, 33);
insert into lesson_attendees (student_id, lesson_id) values (9, 41);
insert into lesson_attendees (student_id, lesson_id) values (21, 41);
insert into lesson_attendees (student_id, lesson_id) values (33, 41);
insert into lesson_attendees (student_id, lesson_id) values (57, 41);
insert into lesson_attendees (student_id, lesson_id) values (9, 49);
insert into lesson_attendees (student_id, lesson_id) values (21, 49);
insert into lesson_attendees (student_id, lesson_id) values (33, 49);
insert into lesson_attendees (student_id, lesson_id) values (57, 49);
insert into lesson_attendees (student_id, lesson_id) values (9, 57);
insert into lesson_attendees (student_id, lesson_id) values (21, 57);
insert into lesson_attendees (student_id, lesson_id) values (33, 57);
insert into lesson_attendees (student_id, lesson_id) values (57, 57);
insert into lesson_attendees (student_id, lesson_id) values (2, 2);
insert into lesson_attendees (student_id, lesson_id) values (14, 2);
insert into lesson_attendees (student_id, lesson_id) values (26, 2);
insert into lesson_attendees (student_id, lesson_id) values (38, 2);
insert into lesson_attendees (student_id, lesson_id) values (50, 2);
insert into lesson_attendees (student_id, lesson_id) values (2, 10);
insert into lesson_attendees (student_id, lesson_id) values (14, 10);
insert into lesson_attendees (student_id, lesson_id) values (26, 10);
insert into lesson_attendees (student_id, lesson_id) values (38, 10);
insert into lesson_attendees (student_id, lesson_id) values (50, 10);
insert into lesson_attendees (student_id, lesson_id) values (2, 18);
insert into lesson_attendees (student_id, lesson_id) values (14, 18);
insert into lesson_attendees (student_id, lesson_id) values (26, 18);
insert into lesson_attendees (student_id, lesson_id) values (38, 18);
insert into lesson_attendees (student_id, lesson_id) values (50, 18);
insert into lesson_attendees (student_id, lesson_id) values (2, 26);
insert into lesson_attendees (student_id, lesson_id) values (14, 26);
insert into lesson_attendees (student_id, lesson_id) values (26, 26);
insert into lesson_attendees (student_id, lesson_id) values (38, 26);
insert into lesson_attendees (student_id, lesson_id) values (50, 26);
insert into lesson_attendees (student_id, lesson_id) values (2, 34);
insert into lesson_attendees (student_id, lesson_id) values (14, 34);
insert into lesson_attendees (student_id, lesson_id) values (26, 34);
insert into lesson_attendees (student_id, lesson_id) values (38, 34);
insert into lesson_attendees (student_id, lesson_id) values (50, 34);
insert into lesson_attendees (student_id, lesson_id) values (2, 42);
insert into lesson_attendees (student_id, lesson_id) values (14, 42);
insert into lesson_attendees (student_id, lesson_id) values (26, 42);
insert into lesson_attendees (student_id, lesson_id) values (38, 42);
insert into lesson_attendees (student_id, lesson_id) values (50, 42);
insert into lesson_attendees (student_id, lesson_id) values (2, 50);
insert into lesson_attendees (student_id, lesson_id) values (14, 50);
insert into lesson_attendees (student_id, lesson_id) values (26, 50);
insert into lesson_attendees (student_id, lesson_id) values (38, 50);
insert into lesson_attendees (student_id, lesson_id) values (50, 50);
insert into lesson_attendees (student_id, lesson_id) values (2, 58);
insert into lesson_attendees (student_id, lesson_id) values (14, 58);
insert into lesson_attendees (student_id, lesson_id) values (26, 58);
insert into lesson_attendees (student_id, lesson_id) values (38, 58);
insert into lesson_attendees (student_id, lesson_id) values (50, 58);
insert into lesson_attendees (student_id, lesson_id) values (54, 3);
insert into lesson_attendees (student_id, lesson_id) values (42, 3);
insert into lesson_attendees (student_id, lesson_id) values (31, 3);
insert into lesson_attendees (student_id, lesson_id) values (7, 3);
insert into lesson_attendees (student_id, lesson_id) values (54, 11);
insert into lesson_attendees (student_id, lesson_id) values (42, 11);
insert into lesson_attendees (student_id, lesson_id) values (31, 11);
insert into lesson_attendees (student_id, lesson_id) values (7, 11);
insert into lesson_attendees (student_id, lesson_id) values (54, 19);
insert into lesson_attendees (student_id, lesson_id) values (42, 19);
insert into lesson_attendees (student_id, lesson_id) values (31, 19);
insert into lesson_attendees (student_id, lesson_id) values (7, 19);
insert into lesson_attendees (student_id, lesson_id) values (54, 27);
insert into lesson_attendees (student_id, lesson_id) values (42, 27);
insert into lesson_attendees (student_id, lesson_id) values (31, 27);
insert into lesson_attendees (student_id, lesson_id) values (7, 27);
insert into lesson_attendees (student_id, lesson_id) values (54, 35);
insert into lesson_attendees (student_id, lesson_id) values (42, 35);
insert into lesson_attendees (student_id, lesson_id) values (31, 35);
insert into lesson_attendees (student_id, lesson_id) values (7, 35);
insert into lesson_attendees (student_id, lesson_id) values (54, 43);
insert into lesson_attendees (student_id, lesson_id) values (42, 43);
insert into lesson_attendees (student_id, lesson_id) values (31, 43);
insert into lesson_attendees (student_id, lesson_id) values (7, 43);
insert into lesson_attendees (student_id, lesson_id) values (54, 51);
insert into lesson_attendees (student_id, lesson_id) values (42, 51);
insert into lesson_attendees (student_id, lesson_id) values (31, 51);
insert into lesson_attendees (student_id, lesson_id) values (7, 51);
insert into lesson_attendees (student_id, lesson_id) values (54, 59);
insert into lesson_attendees (student_id, lesson_id) values (42, 59);
insert into lesson_attendees (student_id, lesson_id) values (31, 59);
insert into lesson_attendees (student_id, lesson_id) values (7, 59);
insert into lesson_attendees (student_id, lesson_id) values (11, 4);
insert into lesson_attendees (student_id, lesson_id) values (59, 4);
insert into lesson_attendees (student_id, lesson_id) values (47, 4);
insert into lesson_attendees (student_id, lesson_id) values (11, 12);
insert into lesson_attendees (student_id, lesson_id) values (47, 12);
insert into lesson_attendees (student_id, lesson_id) values (11, 20);
insert into lesson_attendees (student_id, lesson_id) values (59, 20);
insert into lesson_attendees (student_id, lesson_id) values (47, 20);
insert into lesson_attendees (student_id, lesson_id) values (11, 28);
insert into lesson_attendees (student_id, lesson_id) values (59, 28);
insert into lesson_attendees (student_id, lesson_id) values (47, 28);
insert into lesson_attendees (student_id, lesson_id) values (11, 36);
insert into lesson_attendees (student_id, lesson_id) values (59, 36);
insert into lesson_attendees (student_id, lesson_id) values (11, 44);
insert into lesson_attendees (student_id, lesson_id) values (59, 44);
insert into lesson_attendees (student_id, lesson_id) values (47, 44);
insert into lesson_attendees (student_id, lesson_id) values (59, 52);
insert into lesson_attendees (student_id, lesson_id) values (47, 52);
insert into lesson_attendees (student_id, lesson_id) values (11, 60);
insert into lesson_attendees (student_id, lesson_id) values (59, 60);
insert into lesson_attendees (student_id, lesson_id) values (47, 60);
insert into lesson_attendees (student_id, lesson_id) values (39, 5);
insert into lesson_attendees (student_id, lesson_id) values (51, 5);
insert into lesson_attendees (student_id, lesson_id) values (3, 13);
insert into lesson_attendees (student_id, lesson_id) values (15, 13);
insert into lesson_attendees (student_id, lesson_id) values (39, 13);
insert into lesson_attendees (student_id, lesson_id) values (51, 13);
insert into lesson_attendees (student_id, lesson_id) values (3, 21);
insert into lesson_attendees (student_id, lesson_id) values (15, 21);
insert into lesson_attendees (student_id, lesson_id) values (3, 29);
insert into lesson_attendees (student_id, lesson_id) values (15, 29);
insert into lesson_attendees (student_id, lesson_id) values (39, 29);
insert into lesson_attendees (student_id, lesson_id) values (51, 29);
insert into lesson_attendees (student_id, lesson_id) values (3, 37);
insert into lesson_attendees (student_id, lesson_id) values (15, 37);
insert into lesson_attendees (student_id, lesson_id) values (39, 37);
insert into lesson_attendees (student_id, lesson_id) values (3, 45);
insert into lesson_attendees (student_id, lesson_id) values (15, 45);
insert into lesson_attendees (student_id, lesson_id) values (51, 45);
insert into lesson_attendees (student_id, lesson_id) values (3, 53);
insert into lesson_attendees (student_id, lesson_id) values (15, 53);
insert into lesson_attendees (student_id, lesson_id) values (27, 53);
insert into lesson_attendees (student_id, lesson_id) values (39, 53);
insert into lesson_attendees (student_id, lesson_id) values (3, 61);
insert into lesson_attendees (student_id, lesson_id) values (15, 61);
insert into lesson_attendees (student_id, lesson_id) values (39, 61);
insert into lesson_attendees (student_id, lesson_id) values (51, 61);
insert into lesson_attendees (student_id, lesson_id) values (27, 61);
insert into lesson_attendees (student_id, lesson_id) values (8, 6);
insert into lesson_attendees (student_id, lesson_id) values (20, 6);
insert into lesson_attendees (student_id, lesson_id) values (32, 6);
insert into lesson_attendees (student_id, lesson_id) values (44, 6);
insert into lesson_attendees (student_id, lesson_id) values (56, 6);
insert into lesson_attendees (student_id, lesson_id) values (8, 14);
insert into lesson_attendees (student_id, lesson_id) values (20, 14);
insert into lesson_attendees (student_id, lesson_id) values (8, 22);
insert into lesson_attendees (student_id, lesson_id) values (20, 22);
insert into lesson_attendees (student_id, lesson_id) values (32, 22);
insert into lesson_attendees (student_id, lesson_id) values (44, 22);
insert into lesson_attendees (student_id, lesson_id) values (56, 22);
insert into lesson_attendees (student_id, lesson_id) values (8, 30);
insert into lesson_attendees (student_id, lesson_id) values (44, 30);
insert into lesson_attendees (student_id, lesson_id) values (56, 30);
insert into lesson_attendees (student_id, lesson_id) values (8, 38);
insert into lesson_attendees (student_id, lesson_id) values (20, 38);
insert into lesson_attendees (student_id, lesson_id) values (32, 38);
insert into lesson_attendees (student_id, lesson_id) values (44, 38);
insert into lesson_attendees (student_id, lesson_id) values (56, 38);
insert into lesson_attendees (student_id, lesson_id) values (20, 46);
insert into lesson_attendees (student_id, lesson_id) values (32, 46);
insert into lesson_attendees (student_id, lesson_id) values (44, 46);
insert into lesson_attendees (student_id, lesson_id) values (56, 46);
insert into lesson_attendees (student_id, lesson_id) values (8, 54);
insert into lesson_attendees (student_id, lesson_id) values (20, 54);
insert into lesson_attendees (student_id, lesson_id) values (32, 54);
insert into lesson_attendees (student_id, lesson_id) values (44, 54);
insert into lesson_attendees (student_id, lesson_id) values (8, 62);
insert into lesson_attendees (student_id, lesson_id) values (20, 62);
insert into lesson_attendees (student_id, lesson_id) values (32, 62);
insert into lesson_attendees (student_id, lesson_id) values (44, 62);
insert into lesson_attendees (student_id, lesson_id) values (56, 62);
insert into lesson_attendees (student_id, lesson_id) values (12, 7);
insert into lesson_attendees (student_id, lesson_id) values (24, 7);
insert into lesson_attendees (student_id, lesson_id) values (36, 7);
insert into lesson_attendees (student_id, lesson_id) values (48, 7);
insert into lesson_attendees (student_id, lesson_id) values (60, 7);
insert into lesson_attendees (student_id, lesson_id) values (24, 15);
insert into lesson_attendees (student_id, lesson_id) values (36, 15);
insert into lesson_attendees (student_id, lesson_id) values (48, 15);
insert into lesson_attendees (student_id, lesson_id) values (60, 15);
insert into lesson_attendees (student_id, lesson_id) values (12, 23);
insert into lesson_attendees (student_id, lesson_id) values (24, 23);
insert into lesson_attendees (student_id, lesson_id) values (36, 23);
insert into lesson_attendees (student_id, lesson_id) values (48, 23);

insert into lesson_attendees (student_id, lesson_id) values (36, 31);
insert into lesson_attendees (student_id, lesson_id) values (48, 31);
insert into lesson_attendees (student_id, lesson_id) values (60, 31);
insert into lesson_attendees (student_id, lesson_id) values (12, 39);
insert into lesson_attendees (student_id, lesson_id) values (24, 39);
insert into lesson_attendees (student_id, lesson_id) values (36, 39);
insert into lesson_attendees (student_id, lesson_id) values (48, 39);
insert into lesson_attendees (student_id, lesson_id) values (60, 39);
insert into lesson_attendees (student_id, lesson_id) values (12, 47);
insert into lesson_attendees (student_id, lesson_id) values (24, 47);
insert into lesson_attendees (student_id, lesson_id) values (12, 55);
insert into lesson_attendees (student_id, lesson_id) values (24, 55);
insert into lesson_attendees (student_id, lesson_id) values (36, 55);
insert into lesson_attendees (student_id, lesson_id) values (60, 55);
insert into lesson_attendees (student_id, lesson_id) values (12, 63);
insert into lesson_attendees (student_id, lesson_id) values (24, 63);
insert into lesson_attendees (student_id, lesson_id) values (48, 63);
insert into lesson_attendees (student_id, lesson_id) values (60, 63);
insert into lesson_attendees (student_id, lesson_id) values (5, 8);
insert into lesson_attendees (student_id, lesson_id) values (17, 8);
insert into lesson_attendees (student_id, lesson_id) values (29, 8);
insert into lesson_attendees (student_id, lesson_id) values (40, 8);
insert into lesson_attendees (student_id, lesson_id) values (53, 8);
insert into lesson_attendees (student_id, lesson_id) values (5, 16);
insert into lesson_attendees (student_id, lesson_id) values (17, 16);
insert into lesson_attendees (student_id, lesson_id) values (29, 16);
insert into lesson_attendees (student_id, lesson_id) values (5, 24);
insert into lesson_attendees (student_id, lesson_id) values (17, 24);
insert into lesson_attendees (student_id, lesson_id) values (29, 24);
insert into lesson_attendees (student_id, lesson_id) values (40, 24);
insert into lesson_attendees (student_id, lesson_id) values (40, 32);
insert into lesson_attendees (student_id, lesson_id) values (53, 32);
insert into lesson_attendees (student_id, lesson_id) values (5, 40);
insert into lesson_attendees (student_id, lesson_id) values (17, 40);
insert into lesson_attendees (student_id, lesson_id) values (29, 40);
insert into lesson_attendees (student_id, lesson_id) values (40, 40);
insert into lesson_attendees (student_id, lesson_id) values (53, 40);
insert into lesson_attendees (student_id, lesson_id) values (5, 48);
insert into lesson_attendees (student_id, lesson_id) values (29, 48);
insert into lesson_attendees (student_id, lesson_id) values (40, 48);
insert into lesson_attendees (student_id, lesson_id) values (53, 48);
insert into lesson_attendees (student_id, lesson_id) values (5, 56);
insert into lesson_attendees (student_id, lesson_id) values (17, 56);
insert into lesson_attendees (student_id, lesson_id) values (29, 56);
insert into lesson_attendees (student_id, lesson_id) values (40, 56);
insert into lesson_attendees (student_id, lesson_id) values (5, 64);
insert into lesson_attendees (student_id, lesson_id) values (17, 64);
insert into lesson_attendees (student_id, lesson_id) values (40, 64);
insert into lesson_attendees (student_id, lesson_id) values (53, 64);
insert into lesson_attendees (student_id, lesson_id) values (29, 65);
insert into lesson_attendees (student_id, lesson_id) values (41, 65);
insert into lesson_attendees (student_id, lesson_id) values (53, 65);
insert into lesson_attendees (student_id, lesson_id) values (5, 73);
insert into lesson_attendees (student_id, lesson_id) values (17, 73);
insert into lesson_attendees (student_id, lesson_id) values (29, 73);
insert into lesson_attendees (student_id, lesson_id) values (41, 73);
insert into lesson_attendees (student_id, lesson_id) values (53, 73);
insert into lesson_attendees (student_id, lesson_id) values (5, 81);
insert into lesson_attendees (student_id, lesson_id) values (17, 81);
insert into lesson_attendees (student_id, lesson_id) values (29, 81);
insert into lesson_attendees (student_id, lesson_id) values (5, 89);
insert into lesson_attendees (student_id, lesson_id) values (17, 89);
insert into lesson_attendees (student_id, lesson_id) values (29, 89);
insert into lesson_attendees (student_id, lesson_id) values (41, 89);
insert into lesson_attendees (student_id, lesson_id) values (53, 89);
insert into lesson_attendees (student_id, lesson_id) values (5, 97);
insert into lesson_attendees (student_id, lesson_id) values (17, 97);
insert into lesson_attendees (student_id, lesson_id) values (29, 97);
insert into lesson_attendees (student_id, lesson_id) values (41, 97);
insert into lesson_attendees (student_id, lesson_id) values (53, 97);
insert into lesson_attendees (student_id, lesson_id) values (5, 105);
insert into lesson_attendees (student_id, lesson_id) values (17, 105);
insert into lesson_attendees (student_id, lesson_id) values (29, 105);
insert into lesson_attendees (student_id, lesson_id) values (41, 105);
insert into lesson_attendees (student_id, lesson_id) values (53, 105);
insert into lesson_attendees (student_id, lesson_id) values (5, 113);
insert into lesson_attendees (student_id, lesson_id) values (17, 113);
insert into lesson_attendees (student_id, lesson_id) values (5, 121);
insert into lesson_attendees (student_id, lesson_id) values (17, 121);
insert into lesson_attendees (student_id, lesson_id) values (29, 121);
insert into lesson_attendees (student_id, lesson_id) values (41, 121);
insert into lesson_attendees (student_id, lesson_id) values (53, 121);
insert into lesson_attendees (student_id, lesson_id) values (10, 66);
insert into lesson_attendees (student_id, lesson_id) values (22, 66);
insert into lesson_attendees (student_id, lesson_id) values (34, 66);
insert into lesson_attendees (student_id, lesson_id) values (46, 66);
insert into lesson_attendees (student_id, lesson_id) values (58, 66);
insert into lesson_attendees (student_id, lesson_id) values (10, 74);
insert into lesson_attendees (student_id, lesson_id) values (22, 74);
insert into lesson_attendees (student_id, lesson_id) values (34, 74);
insert into lesson_attendees (student_id, lesson_id) values (46, 74);
insert into lesson_attendees (student_id, lesson_id) values (58, 74);
insert into lesson_attendees (student_id, lesson_id) values (10, 82);
insert into lesson_attendees (student_id, lesson_id) values (22, 82);
insert into lesson_attendees (student_id, lesson_id) values (34, 82);
insert into lesson_attendees (student_id, lesson_id) values (46, 82);
insert into lesson_attendees (student_id, lesson_id) values (58, 82);
insert into lesson_attendees (student_id, lesson_id) values (10, 90);
insert into lesson_attendees (student_id, lesson_id) values (22, 90);
insert into lesson_attendees (student_id, lesson_id) values (34, 90);
insert into lesson_attendees (student_id, lesson_id) values (46, 90);
insert into lesson_attendees (student_id, lesson_id) values (58, 90);
insert into lesson_attendees (student_id, lesson_id) values (10, 98);
insert into lesson_attendees (student_id, lesson_id) values (22, 98);
insert into lesson_attendees (student_id, lesson_id) values (34, 98);
insert into lesson_attendees (student_id, lesson_id) values (46, 98);
insert into lesson_attendees (student_id, lesson_id) values (58, 98);
insert into lesson_attendees (student_id, lesson_id) values (10, 106);
insert into lesson_attendees (student_id, lesson_id) values (22, 106);
insert into lesson_attendees (student_id, lesson_id) values (34, 106);
insert into lesson_attendees (student_id, lesson_id) values (46, 106);
insert into lesson_attendees (student_id, lesson_id) values (58, 106);
insert into lesson_attendees (student_id, lesson_id) values (10, 114);
insert into lesson_attendees (student_id, lesson_id) values (22, 114);
insert into lesson_attendees (student_id, lesson_id) values (34, 114);
insert into lesson_attendees (student_id, lesson_id) values (46, 114);
insert into lesson_attendees (student_id, lesson_id) values (58, 114);
insert into lesson_attendees (student_id, lesson_id) values (10, 122);
insert into lesson_attendees (student_id, lesson_id) values (22, 122);
insert into lesson_attendees (student_id, lesson_id) values (34, 122);
insert into lesson_attendees (student_id, lesson_id) values (46, 122);
insert into lesson_attendees (student_id, lesson_id) values (58, 122);
insert into lesson_attendees (student_id, lesson_id) values (38, 67);
insert into lesson_attendees (student_id, lesson_id) values (50, 67);
insert into lesson_attendees (student_id, lesson_id) values (2, 75);
insert into lesson_attendees (student_id, lesson_id) values (14, 75);
insert into lesson_attendees (student_id, lesson_id) values (26, 75);
insert into lesson_attendees (student_id, lesson_id) values (38, 75);
insert into lesson_attendees (student_id, lesson_id) values (50, 75);
insert into lesson_attendees (student_id, lesson_id) values (2, 83);
insert into lesson_attendees (student_id, lesson_id) values (14, 83);
insert into lesson_attendees (student_id, lesson_id) values (26, 83);
insert into lesson_attendees (student_id, lesson_id) values (38, 83);
insert into lesson_attendees (student_id, lesson_id) values (50, 83);
insert into lesson_attendees (student_id, lesson_id) values (2, 91);
insert into lesson_attendees (student_id, lesson_id) values (14, 91);
insert into lesson_attendees (student_id, lesson_id) values (26, 91);
insert into lesson_attendees (student_id, lesson_id) values (38, 91);
insert into lesson_attendees (student_id, lesson_id) values (50, 91);
insert into lesson_attendees (student_id, lesson_id) values (2, 99);
insert into lesson_attendees (student_id, lesson_id) values (14, 99);
insert into lesson_attendees (student_id, lesson_id) values (26, 99);
insert into lesson_attendees (student_id, lesson_id) values (38, 99);
insert into lesson_attendees (student_id, lesson_id) values (50, 99);
insert into lesson_attendees (student_id, lesson_id) values (2, 107);
insert into lesson_attendees (student_id, lesson_id) values (14, 107);
insert into lesson_attendees (student_id, lesson_id) values (26, 107);
insert into lesson_attendees (student_id, lesson_id) values (38, 107);
insert into lesson_attendees (student_id, lesson_id) values (50, 107);
insert into lesson_attendees (student_id, lesson_id) values (2, 115);
insert into lesson_attendees (student_id, lesson_id) values (14, 115);
insert into lesson_attendees (student_id, lesson_id) values (26, 115);
insert into lesson_attendees (student_id, lesson_id) values (38, 115);
insert into lesson_attendees (student_id, lesson_id) values (50, 115);
insert into lesson_attendees (student_id, lesson_id) values (2, 123);
insert into lesson_attendees (student_id, lesson_id) values (14, 123);
insert into lesson_attendees (student_id, lesson_id) values (19, 68);
insert into lesson_attendees (student_id, lesson_id) values (31, 68);
insert into lesson_attendees (student_id, lesson_id) values (43, 68);
insert into lesson_attendees (student_id, lesson_id) values (55, 68);
insert into lesson_attendees (student_id, lesson_id) values (7, 76);
insert into lesson_attendees (student_id, lesson_id) values (19, 76);
insert into lesson_attendees (student_id, lesson_id) values (31, 76);
insert into lesson_attendees (student_id, lesson_id) values (43, 76);
insert into lesson_attendees (student_id, lesson_id) values (55, 76);
insert into lesson_attendees (student_id, lesson_id) values (7, 84);
insert into lesson_attendees (student_id, lesson_id) values (19, 84);
insert into lesson_attendees (student_id, lesson_id) values (31, 84);
insert into lesson_attendees (student_id, lesson_id) values (43, 84);
insert into lesson_attendees (student_id, lesson_id) values (55, 84);
insert into lesson_attendees (student_id, lesson_id) values (7, 92);
insert into lesson_attendees (student_id, lesson_id) values (19, 92);
insert into lesson_attendees (student_id, lesson_id) values (31, 92);
insert into lesson_attendees (student_id, lesson_id) values (43, 92);
insert into lesson_attendees (student_id, lesson_id) values (55, 92);
insert into lesson_attendees (student_id, lesson_id) values (7, 100);
insert into lesson_attendees (student_id, lesson_id) values (19, 100);
insert into lesson_attendees (student_id, lesson_id) values (31, 100);
insert into lesson_attendees (student_id, lesson_id) values (43, 100);
insert into lesson_attendees (student_id, lesson_id) values (55, 100);
insert into lesson_attendees (student_id, lesson_id) values (7, 108);
insert into lesson_attendees (student_id, lesson_id) values (19, 108);
insert into lesson_attendees (student_id, lesson_id) values (31, 108);
insert into lesson_attendees (student_id, lesson_id) values (43, 108);
insert into lesson_attendees (student_id, lesson_id) values (55, 108);
insert into lesson_attendees (student_id, lesson_id) values (7, 116);
insert into lesson_attendees (student_id, lesson_id) values (19, 116);
insert into lesson_attendees (student_id, lesson_id) values (31, 116);
insert into lesson_attendees (student_id, lesson_id) values (43, 116);
insert into lesson_attendees (student_id, lesson_id) values (55, 116);
insert into lesson_attendees (student_id, lesson_id) values (7, 124);
insert into lesson_attendees (student_id, lesson_id) values (19, 124);
insert into lesson_attendees (student_id, lesson_id) values (31, 124);
insert into lesson_attendees (student_id, lesson_id) values (24, 69);
insert into lesson_attendees (student_id, lesson_id) values (36, 69);
insert into lesson_attendees (student_id, lesson_id) values (47, 69);
insert into lesson_attendees (student_id, lesson_id) values (59, 69);
insert into lesson_attendees (student_id, lesson_id) values (11, 77);
insert into lesson_attendees (student_id, lesson_id) values (24, 77);
insert into lesson_attendees (student_id, lesson_id) values (36, 77);
insert into lesson_attendees (student_id, lesson_id) values (47, 77);
insert into lesson_attendees (student_id, lesson_id) values (59, 77);
insert into lesson_attendees (student_id, lesson_id) values (11, 85);
insert into lesson_attendees (student_id, lesson_id) values (24, 85);
insert into lesson_attendees (student_id, lesson_id) values (36, 85);
insert into lesson_attendees (student_id, lesson_id) values (47, 85);
insert into lesson_attendees (student_id, lesson_id) values (59, 85);
insert into lesson_attendees (student_id, lesson_id) values (11, 93);
insert into lesson_attendees (student_id, lesson_id) values (24, 93);
insert into lesson_attendees (student_id, lesson_id) values (36, 93);
insert into lesson_attendees (student_id, lesson_id) values (47, 93);
insert into lesson_attendees (student_id, lesson_id) values (59, 93);
insert into lesson_attendees (student_id, lesson_id) values (11, 101);
insert into lesson_attendees (student_id, lesson_id) values (24, 101);
insert into lesson_attendees (student_id, lesson_id) values (36, 101);
insert into lesson_attendees (student_id, lesson_id) values (47, 101);
insert into lesson_attendees (student_id, lesson_id) values (59, 101);
insert into lesson_attendees (student_id, lesson_id) values (11, 109);
insert into lesson_attendees (student_id, lesson_id) values (24, 109);
insert into lesson_attendees (student_id, lesson_id) values (36, 109);
insert into lesson_attendees (student_id, lesson_id) values (47, 109);
insert into lesson_attendees (student_id, lesson_id) values (59, 109);
insert into lesson_attendees (student_id, lesson_id) values (11, 117);
insert into lesson_attendees (student_id, lesson_id) values (24, 117);
insert into lesson_attendees (student_id, lesson_id) values (36, 117);
insert into lesson_attendees (student_id, lesson_id) values (47, 117);
insert into lesson_attendees (student_id, lesson_id) values (59, 117);
insert into lesson_attendees (student_id, lesson_id) values (11, 125);
insert into lesson_attendees (student_id, lesson_id) values (24, 125);
insert into lesson_attendees (student_id, lesson_id) values (36, 125);
insert into lesson_attendees (student_id, lesson_id) values (47, 125);
insert into lesson_attendees (student_id, lesson_id) values (4, 70);
insert into lesson_attendees (student_id, lesson_id) values (16, 70);
insert into lesson_attendees (student_id, lesson_id) values (28, 70);
insert into lesson_attendees (student_id, lesson_id) values (46, 70);
insert into lesson_attendees (student_id, lesson_id) values (52, 70);
insert into lesson_attendees (student_id, lesson_id) values (4, 78);
insert into lesson_attendees (student_id, lesson_id) values (16, 78);
insert into lesson_attendees (student_id, lesson_id) values (28, 78);
insert into lesson_attendees (student_id, lesson_id) values (46, 78);
insert into lesson_attendees (student_id, lesson_id) values (52, 78);
insert into lesson_attendees (student_id, lesson_id) values (4, 86);
insert into lesson_attendees (student_id, lesson_id) values (16, 86);
insert into lesson_attendees (student_id, lesson_id) values (28, 86);
insert into lesson_attendees (student_id, lesson_id) values (46, 86);
insert into lesson_attendees (student_id, lesson_id) values (52, 86);
insert into lesson_attendees (student_id, lesson_id) values (4, 94);
insert into lesson_attendees (student_id, lesson_id) values (16, 94);
insert into lesson_attendees (student_id, lesson_id) values (28, 94);
insert into lesson_attendees (student_id, lesson_id) values (46, 94);
insert into lesson_attendees (student_id, lesson_id) values (52, 94);
insert into lesson_attendees (student_id, lesson_id) values (4, 102);
insert into lesson_attendees (student_id, lesson_id) values (16, 102);
insert into lesson_attendees (student_id, lesson_id) values (28, 102);
insert into lesson_attendees (student_id, lesson_id) values (46, 102);
insert into lesson_attendees (student_id, lesson_id) values (52, 102);
insert into lesson_attendees (student_id, lesson_id) values (4, 110);
insert into lesson_attendees (student_id, lesson_id) values (16, 110);
insert into lesson_attendees (student_id, lesson_id) values (28, 110);
insert into lesson_attendees (student_id, lesson_id) values (46, 110);
insert into lesson_attendees (student_id, lesson_id) values (52, 110);
insert into lesson_attendees (student_id, lesson_id) values (4, 118);
insert into lesson_attendees (student_id, lesson_id) values (16, 118);
insert into lesson_attendees (student_id, lesson_id) values (28, 118);
insert into lesson_attendees (student_id, lesson_id) values (46, 118);
insert into lesson_attendees (student_id, lesson_id) values (52, 118);
insert into lesson_attendees (student_id, lesson_id) values (4, 126);
insert into lesson_attendees (student_id, lesson_id) values (16, 126);
insert into lesson_attendees (student_id, lesson_id) values (28, 126);
insert into lesson_attendees (student_id, lesson_id) values (46, 126);
insert into lesson_attendees (student_id, lesson_id) values (52, 126);
insert into lesson_attendees (student_id, lesson_id) values (8, 71);
insert into lesson_attendees (student_id, lesson_id) values (20, 71);
insert into lesson_attendees (student_id, lesson_id) values (32, 71);
insert into lesson_attendees (student_id, lesson_id) values (44, 71);
insert into lesson_attendees (student_id, lesson_id) values (56, 71);
insert into lesson_attendees (student_id, lesson_id) values (8, 79);
insert into lesson_attendees (student_id, lesson_id) values (20, 79);
insert into lesson_attendees (student_id, lesson_id) values (32, 79);
insert into lesson_attendees (student_id, lesson_id) values (44, 79);
insert into lesson_attendees (student_id, lesson_id) values (56, 79);
insert into lesson_attendees (student_id, lesson_id) values (8, 87);
insert into lesson_attendees (student_id, lesson_id) values (20, 87);
insert into lesson_attendees (student_id, lesson_id) values (32, 87);
insert into lesson_attendees (student_id, lesson_id) values (44, 87);
insert into lesson_attendees (student_id, lesson_id) values (56, 87);
insert into lesson_attendees (student_id, lesson_id) values (8, 95);
insert into lesson_attendees (student_id, lesson_id) values (20, 95);
insert into lesson_attendees (student_id, lesson_id) values (32, 95);
insert into lesson_attendees (student_id, lesson_id) values (44, 95);
insert into lesson_attendees (student_id, lesson_id) values (56, 95);
insert into lesson_attendees (student_id, lesson_id) values (8, 103);
insert into lesson_attendees (student_id, lesson_id) values (20, 103);
insert into lesson_attendees (student_id, lesson_id) values (32, 103);
insert into lesson_attendees (student_id, lesson_id) values (44, 103);
insert into lesson_attendees (student_id, lesson_id) values (56, 103);
insert into lesson_attendees (student_id, lesson_id) values (8, 111);
insert into lesson_attendees (student_id, lesson_id) values (20, 111);
insert into lesson_attendees (student_id, lesson_id) values (32, 111);
insert into lesson_attendees (student_id, lesson_id) values (44, 111);
insert into lesson_attendees (student_id, lesson_id) values (56, 111);
insert into lesson_attendees (student_id, lesson_id) values (8, 119);
insert into lesson_attendees (student_id, lesson_id) values (20, 119);
insert into lesson_attendees (student_id, lesson_id) values (32, 119);
insert into lesson_attendees (student_id, lesson_id) values (44, 119);
insert into lesson_attendees (student_id, lesson_id) values (56, 119);
insert into lesson_attendees (student_id, lesson_id) values (8, 127);
insert into lesson_attendees (student_id, lesson_id) values (20, 127);
insert into lesson_attendees (student_id, lesson_id) values (32, 127);
insert into lesson_attendees (student_id, lesson_id) values (44, 127);
insert into lesson_attendees (student_id, lesson_id) values (56, 127);
insert into lesson_attendees (student_id, lesson_id) values (13, 72);
insert into lesson_attendees (student_id, lesson_id) values (25, 72);
insert into lesson_attendees (student_id, lesson_id) values (48, 72);
insert into lesson_attendees (student_id, lesson_id) values (13, 80);
insert into lesson_attendees (student_id, lesson_id) values (25, 80);
insert into lesson_attendees (student_id, lesson_id) values (48, 80);
insert into lesson_attendees (student_id, lesson_id) values (13, 88);
insert into lesson_attendees (student_id, lesson_id) values (25, 88);
insert into lesson_attendees (student_id, lesson_id) values (48, 88);
insert into lesson_attendees (student_id, lesson_id) values (13, 96);
insert into lesson_attendees (student_id, lesson_id) values (25, 96);
insert into lesson_attendees (student_id, lesson_id) values (48, 96);
insert into lesson_attendees (student_id, lesson_id) values (13, 104);
insert into lesson_attendees (student_id, lesson_id) values (25, 104);
insert into lesson_attendees (student_id, lesson_id) values (48, 104);
insert into lesson_attendees (student_id, lesson_id) values (13, 112);
insert into lesson_attendees (student_id, lesson_id) values (25, 112);
insert into lesson_attendees (student_id, lesson_id) values (48, 112);
insert into lesson_attendees (student_id, lesson_id) values (13, 120);
insert into lesson_attendees (student_id, lesson_id) values (25, 120);
insert into lesson_attendees (student_id, lesson_id) values (48, 120);
insert into lesson_attendees (student_id, lesson_id) values (13, 128);
insert into lesson_attendees (student_id, lesson_id) values (25, 128);
insert into lesson_attendees (student_id, lesson_id) values (48, 128);
insert into lesson_attendees (student_id, lesson_id) values (9, 129);
insert into lesson_attendees (student_id, lesson_id) values (20, 129);
insert into lesson_attendees (student_id, lesson_id) values (33, 129);
insert into lesson_attendees (student_id, lesson_id) values (57, 129);
insert into lesson_attendees (student_id, lesson_id) values (9, 137);
insert into lesson_attendees (student_id, lesson_id) values (20, 137);
insert into lesson_attendees (student_id, lesson_id) values (33, 137);
insert into lesson_attendees (student_id, lesson_id) values (57, 137);
insert into lesson_attendees (student_id, lesson_id) values (9, 145);
insert into lesson_attendees (student_id, lesson_id) values (20, 145);
insert into lesson_attendees (student_id, lesson_id) values (33, 145);
insert into lesson_attendees (student_id, lesson_id) values (57, 145);
insert into lesson_attendees (student_id, lesson_id) values (9, 153);
insert into lesson_attendees (student_id, lesson_id) values (20, 153);
insert into lesson_attendees (student_id, lesson_id) values (33, 153);
insert into lesson_attendees (student_id, lesson_id) values (57, 153);
insert into lesson_attendees (student_id, lesson_id) values (9, 161);
insert into lesson_attendees (student_id, lesson_id) values (20, 161);
insert into lesson_attendees (student_id, lesson_id) values (33, 161);
insert into lesson_attendees (student_id, lesson_id) values (57, 161);
insert into lesson_attendees (student_id, lesson_id) values (9, 169);
insert into lesson_attendees (student_id, lesson_id) values (20, 169);
insert into lesson_attendees (student_id, lesson_id) values (33, 169);
insert into lesson_attendees (student_id, lesson_id) values (57, 169);
insert into lesson_attendees (student_id, lesson_id) values (9, 177);
insert into lesson_attendees (student_id, lesson_id) values (20, 177);
insert into lesson_attendees (student_id, lesson_id) values (33, 177);
insert into lesson_attendees (student_id, lesson_id) values (57, 177);
insert into lesson_attendees (student_id, lesson_id) values (9, 185);
insert into lesson_attendees (student_id, lesson_id) values (20, 185);
insert into lesson_attendees (student_id, lesson_id) values (33, 185);
insert into lesson_attendees (student_id, lesson_id) values (57, 185);
insert into lesson_attendees (student_id, lesson_id) values (40, 130);
insert into lesson_attendees (student_id, lesson_id) values (52, 130);
insert into lesson_attendees (student_id, lesson_id) values (4, 138);
insert into lesson_attendees (student_id, lesson_id) values (16, 138);
insert into lesson_attendees (student_id, lesson_id) values (28, 138);
insert into lesson_attendees (student_id, lesson_id) values (40, 138);
insert into lesson_attendees (student_id, lesson_id) values (52, 138);
insert into lesson_attendees (student_id, lesson_id) values (4, 146);
insert into lesson_attendees (student_id, lesson_id) values (16, 146);
insert into lesson_attendees (student_id, lesson_id) values (28, 146);
insert into lesson_attendees (student_id, lesson_id) values (40, 146);
insert into lesson_attendees (student_id, lesson_id) values (52, 146);
insert into lesson_attendees (student_id, lesson_id) values (4, 154);
insert into lesson_attendees (student_id, lesson_id) values (16, 154);
insert into lesson_attendees (student_id, lesson_id) values (28, 154);
insert into lesson_attendees (student_id, lesson_id) values (40, 154);
insert into lesson_attendees (student_id, lesson_id) values (52, 154);
insert into lesson_attendees (student_id, lesson_id) values (4, 162);
insert into lesson_attendees (student_id, lesson_id) values (16, 162);
insert into lesson_attendees (student_id, lesson_id) values (28, 162);
insert into lesson_attendees (student_id, lesson_id) values (40, 162);
insert into lesson_attendees (student_id, lesson_id) values (52, 162);
insert into lesson_attendees (student_id, lesson_id) values (4, 170);
insert into lesson_attendees (student_id, lesson_id) values (16, 170);
insert into lesson_attendees (student_id, lesson_id) values (28, 170);
insert into lesson_attendees (student_id, lesson_id) values (40, 170);
insert into lesson_attendees (student_id, lesson_id) values (52, 170);
insert into lesson_attendees (student_id, lesson_id) values (4, 178);
insert into lesson_attendees (student_id, lesson_id) values (16, 178);
insert into lesson_attendees (student_id, lesson_id) values (28, 178);
insert into lesson_attendees (student_id, lesson_id) values (40, 178);
insert into lesson_attendees (student_id, lesson_id) values (52, 178);
insert into lesson_attendees (student_id, lesson_id) values (4, 186);
insert into lesson_attendees (student_id, lesson_id) values (16, 186);
insert into lesson_attendees (student_id, lesson_id) values (24, 131);
insert into lesson_attendees (student_id, lesson_id) values (36, 131);
insert into lesson_attendees (student_id, lesson_id) values (48, 131);
insert into lesson_attendees (student_id, lesson_id) values (60, 131);
insert into lesson_attendees (student_id, lesson_id) values (24, 139);
insert into lesson_attendees (student_id, lesson_id) values (36, 139);
insert into lesson_attendees (student_id, lesson_id) values (48, 139);
insert into lesson_attendees (student_id, lesson_id) values (60, 139);
insert into lesson_attendees (student_id, lesson_id) values (24, 147);
insert into lesson_attendees (student_id, lesson_id) values (36, 147);
insert into lesson_attendees (student_id, lesson_id) values (48, 147);
insert into lesson_attendees (student_id, lesson_id) values (60, 147);
insert into lesson_attendees (student_id, lesson_id) values (24, 155);
insert into lesson_attendees (student_id, lesson_id) values (36, 155);
insert into lesson_attendees (student_id, lesson_id) values (48, 155);
insert into lesson_attendees (student_id, lesson_id) values (60, 155);
insert into lesson_attendees (student_id, lesson_id) values (24, 163);
insert into lesson_attendees (student_id, lesson_id) values (36, 163);
insert into lesson_attendees (student_id, lesson_id) values (48, 163);
insert into lesson_attendees (student_id, lesson_id) values (60, 163);
insert into lesson_attendees (student_id, lesson_id) values (24, 171);
insert into lesson_attendees (student_id, lesson_id) values (36, 171);
insert into lesson_attendees (student_id, lesson_id) values (48, 171);
insert into lesson_attendees (student_id, lesson_id) values (60, 171);
insert into lesson_attendees (student_id, lesson_id) values (24, 179);
insert into lesson_attendees (student_id, lesson_id) values (36, 179);
insert into lesson_attendees (student_id, lesson_id) values (48, 179);
insert into lesson_attendees (student_id, lesson_id) values (60, 179);
insert into lesson_attendees (student_id, lesson_id) values (24, 187);
insert into lesson_attendees (student_id, lesson_id) values (36, 187);
insert into lesson_attendees (student_id, lesson_id) values (48, 187);
insert into lesson_attendees (student_id, lesson_id) values (60, 187);
insert into lesson_attendees (student_id, lesson_id) values (7, 132);
insert into lesson_attendees (student_id, lesson_id) values (19, 132);
insert into lesson_attendees (student_id, lesson_id) values (31, 132);
insert into lesson_attendees (student_id, lesson_id) values (43, 132);
insert into lesson_attendees (student_id, lesson_id) values (55, 132);
insert into lesson_attendees (student_id, lesson_id) values (7, 140);
insert into lesson_attendees (student_id, lesson_id) values (19, 140);
insert into lesson_attendees (student_id, lesson_id) values (31, 140);
insert into lesson_attendees (student_id, lesson_id) values (43, 140);
insert into lesson_attendees (student_id, lesson_id) values (55, 140);
insert into lesson_attendees (student_id, lesson_id) values (7, 148);
insert into lesson_attendees (student_id, lesson_id) values (19, 148);
insert into lesson_attendees (student_id, lesson_id) values (31, 148);
insert into lesson_attendees (student_id, lesson_id) values (43, 148);
insert into lesson_attendees (student_id, lesson_id) values (55, 148);
insert into lesson_attendees (student_id, lesson_id) values (7, 156);
insert into lesson_attendees (student_id, lesson_id) values (19, 156);
insert into lesson_attendees (student_id, lesson_id) values (31, 156);
insert into lesson_attendees (student_id, lesson_id) values (43, 156);
insert into lesson_attendees (student_id, lesson_id) values (55, 156);
insert into lesson_attendees (student_id, lesson_id) values (7, 164);
insert into lesson_attendees (student_id, lesson_id) values (19, 164);
insert into lesson_attendees (student_id, lesson_id) values (31, 164);
insert into lesson_attendees (student_id, lesson_id) values (43, 164);
insert into lesson_attendees (student_id, lesson_id) values (55, 164);
insert into lesson_attendees (student_id, lesson_id) values (7, 172);
insert into lesson_attendees (student_id, lesson_id) values (19, 172);
insert into lesson_attendees (student_id, lesson_id) values (31, 172);
insert into lesson_attendees (student_id, lesson_id) values (43, 172);
insert into lesson_attendees (student_id, lesson_id) values (55, 172);
insert into lesson_attendees (student_id, lesson_id) values (7, 180);
insert into lesson_attendees (student_id, lesson_id) values (19, 180);
insert into lesson_attendees (student_id, lesson_id) values (31, 180);
insert into lesson_attendees (student_id, lesson_id) values (43, 180);
insert into lesson_attendees (student_id, lesson_id) values (55, 180);
insert into lesson_attendees (student_id, lesson_id) values (7, 188);
insert into lesson_attendees (student_id, lesson_id) values (19, 188);
insert into lesson_attendees (student_id, lesson_id) values (31, 188);
insert into lesson_attendees (student_id, lesson_id) values (43, 188);
insert into lesson_attendees (student_id, lesson_id) values (55, 188);
insert into lesson_attendees (student_id, lesson_id) values (39, 133);
insert into lesson_attendees (student_id, lesson_id) values (51, 133);
insert into lesson_attendees (student_id, lesson_id) values (3, 141);
insert into lesson_attendees (student_id, lesson_id) values (15, 141);
insert into lesson_attendees (student_id, lesson_id) values (27, 141);
insert into lesson_attendees (student_id, lesson_id) values (39, 141);
insert into lesson_attendees (student_id, lesson_id) values (51, 141);
insert into lesson_attendees (student_id, lesson_id) values (3, 149);
insert into lesson_attendees (student_id, lesson_id) values (15, 149);
insert into lesson_attendees (student_id, lesson_id) values (27, 149);
insert into lesson_attendees (student_id, lesson_id) values (39, 149);
insert into lesson_attendees (student_id, lesson_id) values (51, 149);
insert into lesson_attendees (student_id, lesson_id) values (3, 157);
insert into lesson_attendees (student_id, lesson_id) values (15, 157);
insert into lesson_attendees (student_id, lesson_id) values (27, 157);
insert into lesson_attendees (student_id, lesson_id) values (39, 157);
insert into lesson_attendees (student_id, lesson_id) values (51, 157);
insert into lesson_attendees (student_id, lesson_id) values (3, 165);
insert into lesson_attendees (student_id, lesson_id) values (15, 165);
insert into lesson_attendees (student_id, lesson_id) values (27, 165);
insert into lesson_attendees (student_id, lesson_id) values (39, 165);
insert into lesson_attendees (student_id, lesson_id) values (51, 165);
insert into lesson_attendees (student_id, lesson_id) values (3, 173);
insert into lesson_attendees (student_id, lesson_id) values (15, 173);
insert into lesson_attendees (student_id, lesson_id) values (27, 173);
insert into lesson_attendees (student_id, lesson_id) values (39, 173);
insert into lesson_attendees (student_id, lesson_id) values (51, 173);
insert into lesson_attendees (student_id, lesson_id) values (3, 181);
insert into lesson_attendees (student_id, lesson_id) values (15, 181);
insert into lesson_attendees (student_id, lesson_id) values (27, 181);
insert into lesson_attendees (student_id, lesson_id) values (39, 181);
insert into lesson_attendees (student_id, lesson_id) values (51, 181);
insert into lesson_attendees (student_id, lesson_id) values (3, 189);
insert into lesson_attendees (student_id, lesson_id) values (15, 189);
insert into lesson_attendees (student_id, lesson_id) values (58, 134);
insert into lesson_attendees (student_id, lesson_id) values (10, 142);
insert into lesson_attendees (student_id, lesson_id) values (22, 142);
insert into lesson_attendees (student_id, lesson_id) values (34, 142);
insert into lesson_attendees (student_id, lesson_id) values (46, 142);
insert into lesson_attendees (student_id, lesson_id) values (58, 142);
insert into lesson_attendees (student_id, lesson_id) values (10, 150);
insert into lesson_attendees (student_id, lesson_id) values (22, 150);
insert into lesson_attendees (student_id, lesson_id) values (34, 150);
insert into lesson_attendees (student_id, lesson_id) values (46, 150);
insert into lesson_attendees (student_id, lesson_id) values (58, 150);
insert into lesson_attendees (student_id, lesson_id) values (10, 158);
insert into lesson_attendees (student_id, lesson_id) values (22, 158);
insert into lesson_attendees (student_id, lesson_id) values (34, 158);
insert into lesson_attendees (student_id, lesson_id) values (46, 158);
insert into lesson_attendees (student_id, lesson_id) values (58, 158);
insert into lesson_attendees (student_id, lesson_id) values (10, 166);
insert into lesson_attendees (student_id, lesson_id) values (22, 166);
insert into lesson_attendees (student_id, lesson_id) values (34, 166);
insert into lesson_attendees (student_id, lesson_id) values (46, 166);
insert into lesson_attendees (student_id, lesson_id) values (58, 166);
insert into lesson_attendees (student_id, lesson_id) values (10, 174);
insert into lesson_attendees (student_id, lesson_id) values (22, 174);
insert into lesson_attendees (student_id, lesson_id) values (34, 174);
insert into lesson_attendees (student_id, lesson_id) values (46, 174);
insert into lesson_attendees (student_id, lesson_id) values (58, 174);
insert into lesson_attendees (student_id, lesson_id) values (10, 182);
insert into lesson_attendees (student_id, lesson_id) values (22, 182);
insert into lesson_attendees (student_id, lesson_id) values (34, 182);
insert into lesson_attendees (student_id, lesson_id) values (46, 182);
insert into lesson_attendees (student_id, lesson_id) values (58, 182);
insert into lesson_attendees (student_id, lesson_id) values (10, 190);
insert into lesson_attendees (student_id, lesson_id) values (22, 190);
insert into lesson_attendees (student_id, lesson_id) values (34, 190);
insert into lesson_attendees (student_id, lesson_id) values (46, 190);
insert into lesson_attendees (student_id, lesson_id) values (58, 190);
insert into lesson_attendees (student_id, lesson_id) values (30, 135);
insert into lesson_attendees (student_id, lesson_id) values (54, 135);
insert into lesson_attendees (student_id, lesson_id) values (17, 143);
insert into lesson_attendees (student_id, lesson_id) values (30, 143);
insert into lesson_attendees (student_id, lesson_id) values (54, 143);
insert into lesson_attendees (student_id, lesson_id) values (17, 151);
insert into lesson_attendees (student_id, lesson_id) values (30, 151);
insert into lesson_attendees (student_id, lesson_id) values (54, 151);
insert into lesson_attendees (student_id, lesson_id) values (17, 159);
insert into lesson_attendees (student_id, lesson_id) values (30, 159);
insert into lesson_attendees (student_id, lesson_id) values (54, 159);
insert into lesson_attendees (student_id, lesson_id) values (17, 167);
insert into lesson_attendees (student_id, lesson_id) values (30, 167);
insert into lesson_attendees (student_id, lesson_id) values (54, 167);
insert into lesson_attendees (student_id, lesson_id) values (17, 175);
insert into lesson_attendees (student_id, lesson_id) values (30, 175);
insert into lesson_attendees (student_id, lesson_id) values (54, 175);
insert into lesson_attendees (student_id, lesson_id) values (17, 183);
insert into lesson_attendees (student_id, lesson_id) values (30, 183);
insert into lesson_attendees (student_id, lesson_id) values (54, 183);
insert into lesson_attendees (student_id, lesson_id) values (17, 191);
insert into lesson_attendees (student_id, lesson_id) values (30, 191);
insert into lesson_attendees (student_id, lesson_id) values (54, 191);
insert into lesson_attendees (student_id, lesson_id) values (13, 136);
insert into lesson_attendees (student_id, lesson_id) values (25, 136);
insert into lesson_attendees (student_id, lesson_id) values (37, 136);
insert into lesson_attendees (student_id, lesson_id) values (49, 136);
insert into lesson_attendees (student_id, lesson_id) values (1, 144);
insert into lesson_attendees (student_id, lesson_id) values (13, 144);
insert into lesson_attendees (student_id, lesson_id) values (25, 144);
insert into lesson_attendees (student_id, lesson_id) values (37, 144);
insert into lesson_attendees (student_id, lesson_id) values (25, 152);
insert into lesson_attendees (student_id, lesson_id) values (37, 152);
insert into lesson_attendees (student_id, lesson_id) values (49, 152);
insert into lesson_attendees (student_id, lesson_id) values (1, 160);
insert into lesson_attendees (student_id, lesson_id) values (13, 160);
insert into lesson_attendees (student_id, lesson_id) values (25, 160);
insert into lesson_attendees (student_id, lesson_id) values (37, 168);
insert into lesson_attendees (student_id, lesson_id) values (49, 168);
insert into lesson_attendees (student_id, lesson_id) values (1, 176);
insert into lesson_attendees (student_id, lesson_id) values (13, 176);
insert into lesson_attendees (student_id, lesson_id) values (25, 176);
insert into lesson_attendees (student_id, lesson_id) values (37, 176);
insert into lesson_attendees (student_id, lesson_id) values (49, 176);
insert into lesson_attendees (student_id, lesson_id) values (1, 184);
insert into lesson_attendees (student_id, lesson_id) values (13, 184);
insert into lesson_attendees (student_id, lesson_id) values (25, 184);
insert into lesson_attendees (student_id, lesson_id) values (37, 184);
insert into lesson_attendees (student_id, lesson_id) values (49, 184);
insert into lesson_attendees (student_id, lesson_id) values (1, 192);
insert into lesson_attendees (student_id, lesson_id) values (13, 192);

insert into lesson_attendees (student_id, lesson_id) values (33, 193);
insert into lesson_attendees (student_id, lesson_id) values (42, 193);
insert into lesson_attendees (student_id, lesson_id) values (16, 193);
insert into lesson_attendees (student_id, lesson_id) values (46, 193);
insert into lesson_attendees (student_id, lesson_id) values (10, 193);
insert into lesson_attendees (student_id, lesson_id) values (1, 194);
insert into lesson_attendees (student_id, lesson_id) values (34, 194);
insert into lesson_attendees (student_id, lesson_id) values (11, 194);
insert into lesson_attendees (student_id, lesson_id) values (7, 194);
insert into lesson_attendees (student_id, lesson_id) values (14, 194);
insert into lesson_attendees (student_id, lesson_id) values (27, 195);
insert into lesson_attendees (student_id, lesson_id) values (22, 195);
insert into lesson_attendees (student_id, lesson_id) values (44, 195);
insert into lesson_attendees (student_id, lesson_id) values (34, 195);
insert into lesson_attendees (student_id, lesson_id) values (10, 195);
insert into lesson_attendees (student_id, lesson_id) values (38, 196);
insert into lesson_attendees (student_id, lesson_id) values (9, 196);
insert into lesson_attendees (student_id, lesson_id) values (22, 196);
insert into lesson_attendees (student_id, lesson_id) values (13, 196);
insert into lesson_attendees (student_id, lesson_id) values (15, 196);
insert into lesson_attendees (student_id, lesson_id) values (49, 197);
insert into lesson_attendees (student_id, lesson_id) values (14, 197);
insert into lesson_attendees (student_id, lesson_id) values (12, 197);
insert into lesson_attendees (student_id, lesson_id) values (10, 197);
insert into lesson_attendees (student_id, lesson_id) values (28, 197);
insert into lesson_attendees (student_id, lesson_id) values (7, 198);
insert into lesson_attendees (student_id, lesson_id) values (14, 198);
insert into lesson_attendees (student_id, lesson_id) values (34, 198);
insert into lesson_attendees (student_id, lesson_id) values (43, 198);
insert into lesson_attendees (student_id, lesson_id) values (44, 198);
insert into lesson_attendees (student_id, lesson_id) values (17, 199);
insert into lesson_attendees (student_id, lesson_id) values (1, 199);
insert into lesson_attendees (student_id, lesson_id) values (2, 199);
insert into lesson_attendees (student_id, lesson_id) values (4, 199);
insert into lesson_attendees (student_id, lesson_id) values (47, 199);
insert into lesson_attendees (student_id, lesson_id) values (44, 200);
insert into lesson_attendees (student_id, lesson_id) values (5, 200);
insert into lesson_attendees (student_id, lesson_id) values (7, 200);
insert into lesson_attendees (student_id, lesson_id) values (31, 200);
insert into lesson_attendees (student_id, lesson_id) values (33, 200);
insert into lesson_attendees (student_id, lesson_id) values (30, 201);
insert into lesson_attendees (student_id, lesson_id) values (9, 201);
insert into lesson_attendees (student_id, lesson_id) values (39, 201);
insert into lesson_attendees (student_id, lesson_id) values (20, 201);
insert into lesson_attendees (student_id, lesson_id) values (43, 201);
insert into lesson_attendees (student_id, lesson_id) values (3, 202);
insert into lesson_attendees (student_id, lesson_id) values (25, 202);
insert into lesson_attendees (student_id, lesson_id) values (29, 202);
insert into lesson_attendees (student_id, lesson_id) values (13, 202);
insert into lesson_attendees (student_id, lesson_id) values (12, 202);
insert into lesson_attendees (student_id, lesson_id) values (11, 203);
insert into lesson_attendees (student_id, lesson_id) values (29, 203);
insert into lesson_attendees (student_id, lesson_id) values (30, 203);
insert into lesson_attendees (student_id, lesson_id) values (13, 203);
insert into lesson_attendees (student_id, lesson_id) values (49, 203);
insert into lesson_attendees (student_id, lesson_id) values (39, 204);
insert into lesson_attendees (student_id, lesson_id) values (11, 204);
insert into lesson_attendees (student_id, lesson_id) values (9, 204);
insert into lesson_attendees (student_id, lesson_id) values (20, 204);
insert into lesson_attendees (student_id, lesson_id) values (19, 205);
insert into lesson_attendees (student_id, lesson_id) values (44, 205);
insert into lesson_attendees (student_id, lesson_id) values (37, 205);
insert into lesson_attendees (student_id, lesson_id) values (39, 205);
insert into lesson_attendees (student_id, lesson_id) values (34, 206);
insert into lesson_attendees (student_id, lesson_id) values (36, 206);
insert into lesson_attendees (student_id, lesson_id) values (11, 206);
insert into lesson_attendees (student_id, lesson_id) values (19, 206);
insert into lesson_attendees (student_id, lesson_id) values (3, 206);
insert into lesson_attendees (student_id, lesson_id) values (8, 207);
insert into lesson_attendees (student_id, lesson_id) values (1, 207);
insert into lesson_attendees (student_id, lesson_id) values (16, 207);
insert into lesson_attendees (student_id, lesson_id) values (12, 207);
insert into lesson_attendees (student_id, lesson_id) values (10, 207);
insert into lesson_attendees (student_id, lesson_id) values (52, 208);
insert into lesson_attendees (student_id, lesson_id) values (32, 208);
insert into lesson_attendees (student_id, lesson_id) values (47, 208);
insert into lesson_attendees (student_id, lesson_id) values (29, 208);
insert into lesson_attendees (student_id, lesson_id) values (16, 208);
insert into lesson_attendees (student_id, lesson_id) values (15, 209);
insert into lesson_attendees (student_id, lesson_id) values (33, 209);
insert into lesson_attendees (student_id, lesson_id) values (29, 209);
insert into lesson_attendees (student_id, lesson_id) values (31, 209);
insert into lesson_attendees (student_id, lesson_id) values (26, 209);
insert into lesson_attendees (student_id, lesson_id) values (28, 210);
insert into lesson_attendees (student_id, lesson_id) values (19, 210);
insert into lesson_attendees (student_id, lesson_id) values (49, 210);
insert into lesson_attendees (student_id, lesson_id) values (60, 210);
insert into lesson_attendees (student_id, lesson_id) values (42, 210);
insert into lesson_attendees (student_id, lesson_id) values (31, 211);
insert into lesson_attendees (student_id, lesson_id) values (25, 211);
insert into lesson_attendees (student_id, lesson_id) values (38, 211);
insert into lesson_attendees (student_id, lesson_id) values (12, 211);
insert into lesson_attendees (student_id, lesson_id) values (3, 211);
insert into lesson_attendees (student_id, lesson_id) values (37, 212);
insert into lesson_attendees (student_id, lesson_id) values (48, 212);
insert into lesson_attendees (student_id, lesson_id) values (29, 212);
insert into lesson_attendees (student_id, lesson_id) values (42, 212);
insert into lesson_attendees (student_id, lesson_id) values (28, 212);


insert into instrument_rented (instrument_rented_id, rent_start, rent_end, student_id, rent_inst_id, brand_id, instrument_returned) values (4, '2023-01-03', '2024-01-02', 1, 1, 1, NULL);
insert into instrument_rented (instrument_rented_id, rent_start, rent_end, student_id, rent_inst_id, brand_id, instrument_returned) values (3, '2023-01-03', '2023-06-03', 2, 2, 2, NULL);
insert into instrument_rented (instrument_rented_id, rent_start, rent_end, student_id, rent_inst_id, brand_id, instrument_returned) values (2, '2022-06-03', '2023-06-02', 13, 9, 2, NULL);
insert into instrument_rented (instrument_rented_id, rent_start, rent_end, student_id, rent_inst_id, brand_id, instrument_returned) values (1, '2022-06-03', '2023-01-02', 9, 17, 1, '2023-01-02');
